STATE,STATENAME,ST_CASE,PEDS,PERNOTMVIT,VE_TOTAL,VE_FORMS,PVH_INVL,PERSONS,PERMVIT,COUNTY,COUNTYNAME,CITY,CITYNAME,MONTH,MONTHNAME,DAY,DAYNAME,DAY_WEEK,DAY_WEEKNAME,YEAR,HOUR,HOURNAME,MINUTE,MINUTENAME,TWAY_ID,TWAY_ID2,ROUTE,ROUTENAME,RUR_URB,RUR_URBNAME,FUNC_SYS,FUNC_SYSNAME,RD_OWNER,RD_OWNERNAME,NHS,NHSNAME,SP_JUR,SP_JURNAME,MILEPT,MILEPTNAME,LATITUDE,LATITUDENAME,LONGITUD,LONGITUDNAME,HARM_EV,HARM_EVNAME,MAN_COLL,MAN_COLLNAME,RELJCT1,RELJCT1NAME,RELJCT2,RELJCT2NAME,TYP_INT,TYP_INTNAME,REL_ROAD,REL_ROADNAME,WRK_ZONE,WRK_ZONENAME,LGT_COND,LGT_CONDNAME,WEATHER,WEATHERNAME,SCH_BUS,SCH_BUSNAME,RAIL,RAILNAME,NOT_HOUR,NOT_HOURNAME,NOT_MIN,NOT_MINNAME,ARR_HOUR,ARR_HOURNAME,ARR_MIN,ARR_MINNAME,HOSP_HR,HOSP_HRNAME,HOSP_MN,HOSP_MNNAME,FATALS
45,South Carolina,450036,0,0,3,3,0,6,6,79,RICHLAND (79),0,NOT APPLICABLE,1,January,19,19,4,Wednesday,2022,21,9:00pm-9:59pm,40,40,US-1 TWO NOTCH RD,SR-1274 N BRICKYARD RD,2,US Highway,2,Urban,3,Principal Arterial - Other,1,State Highway Agency,1,This section IS ON the NHS,0,No Special Jurisdiction,139,139,34.11188056,34.11188056,-80.89513056,-80.89513056,12,Motor Vehicle In-Transport,6,Angle,0,No,2,Intersection,2,Four-Way Intersection,1,On Roadway,0,None,6,Dark - Unknown Lighting,98,Not Reported,0,No,0000000,Not Applicable,99,Unknown,99,Unknown,99,Unknown EMS Scene Arrival Hour,99,Unknown EMS Scene Arrival Minutes,99,Unknown,99,Unknown EMS Hospital Arrival Time,1
45,South Carolina,450037,0,0,2,2,0,6,6,85,SUMTER (85),0,NOT APPLICABLE,1,January,19,19,4,Wednesday,2022,19,7:00pm-7:59pm,35,35,US-15 HWY 15,SR-516 GEDDINGS RD,2,US Highway,1,Rural,3,Principal Arterial - Other,1,State Highway Agency,1,This section IS ON the NHS,0,No Special Jurisdiction,15,15,33.79521111,33.79521111,-80.35681944,-80.35681944,12,Motor Vehicle In-Transport,1,Front-to-Rear,0,No,2,Intersection,3,T-Intersection,1,On Roadway,0,None,2,Dark - Not Lighted,1,Clear,0,No,0000000,Not Applicable,99,Unknown,99,Unknown,99,Unknown EMS Scene Arrival Hour,99,Unknown EMS Scene Arrival Minutes,99,Unknown,99,Unknown EMS Hospital Arrival Time,1
45,South Carolina,450038,0,0,2,2,0,2,2,73,OCONEE (73),0,NOT APPLICABLE,1,January,20,20,5,Thursday,2022,16,4:00pm-4:59pm,35,35,SR-13 RICHLAND RD,NA,3,State Highway,1,Rural,5,Major Collector,1,State Highway Agency,0,This section IS NOT on the NHS,0,No Special Jurisdiction,38,38,34.68161111,34.68161111,-83.01631111,-83.01631111,12,Motor Vehicle In-Transport,2,Front-to-Front,0,No,1,Non-Junction,1,Not an Intersection,1,On Roadway,0,None,5,Dusk,1,Clear,0,No,0000000,Not Applicable,99,Unknown,99,Unknown,99,Unknown EMS Scene Arrival Hour,99,Unknown EMS Scene Arrival Minutes,99,Unknown,99,Unknown EMS Hospital Arrival Time,1
45,South Carolina,450039,0,0,2,2,0,5,5,41,FLORENCE (41),0,NOT APPLICABLE,1,January,20,20,5,Thursday,2022,18,6:00pm-6:59pm,40,40,US-52 HWY 52,NA,2,US Highway,1,Rural,3,Principal Arterial - Other,1,State Highway Agency,1,This section IS ON the NHS,0,No Special Jurisdiction,129,129,34.02183611,34.02183611,-79.75188333,-79.75188333,12,Motor Vehicle In-Transport,2,Front-to-Front,0,No,1,Non-Junction,1,Not an Intersection,1,On Roadway,0,None,2,Dark - Not Lighted,2,Rain,0,No,0000000,Not Applicable,99,Unknown,99,Unknown,99,Unknown EMS Scene Arrival Hour,99,Unknown EMS Scene Arrival Minutes,99,Unknown,99,Unknown EMS Hospital Arrival Time,1
45,South Carolina,450040,0,0,2,2,0,2,2,47,GREENWOOD (47),1050,GREENWOOD,1,January,22,22,7,Saturday,2022,23,11:00pm-11:59pm,53,53,US-25 US 25 BYPASS,SR-29 CAMBRIDGE AVE EXT,2,US Highway,2,Urban,3,Principal Arterial - Other,1,State Highway Agency,1,This section IS ON the NHS,0,No Special Jurisdiction,194,194,34.19620556,34.19620556,-82.13504444,-82.13504444,12,Motor Vehicle In-Transport,6,Angle,0,No,2,Intersection,2,Four-Way Intersection,1,On Roadway,0,None,3,Dark - Lighted,1,Clear,0,No,0000000,Not Applicable,99,Unknown,99,Unknown,99,Unknown EMS Scene Arrival Hour,99,Unknown EMS Scene Arrival Minutes,99,Unknown,99,Unknown EMS Hospital Arrival Time,1
45,South Carolina,450041,1,1,1,1,0,1,1,19,CHARLESTON (19),1805,NORTH CHARLESTON,1,January,22,22,7,Saturday,2022,22,10:00pm-10:59pm,41,41,SR-75 ASHLEY PHOSPHTE RD,NA,3,State Highway,2,Urban,4,Minor Arterial,1,State Highway Agency,0,This section IS NOT on the NHS,0,No Special Jurisdiction,4,4,32.93215,32.93215,-80.05563889,-80.05563889,8,Pedestrian,0,The First Harmful Event was Not a Collision with a Motor Vehicle in Transport,0,No,1,Non-Junction,1,Not an Intersection,1,On Roadway,0,None,6,Dark - Unknown Lighting,1,Clear,0,No,0000000,Not Applicable,99,Unknown,99,Unknown,99,Unknown EMS Scene Arrival Hour,99,Unknown EMS Scene Arrival Minutes,99,Unknown,99,Unknown EMS Hospital Arrival Time,1
45,South Carolina,450042,1,1,1,1,0,2,2,75,ORANGEBURG (75),0,NOT APPLICABLE,1,January,23,23,1,Sunday,2022,21,9:00pm-9:59pm,11,11,SR-6 OLD NUMBER SIX HWY,NA,3,State Highway,1,Rural,4,Minor Arterial,1,State Highway Agency,0,This section IS NOT on the NHS,0,No Special Jurisdiction,12,12,33.54827222,33.54827222,-80.59053611,-80.59053611,8,Pedestrian,0,The First Harmful Event was Not a Collision with a Motor Vehicle in Transport,0,No,1,Non-Junction,1,Not an Intersection,1,On Roadway,0,None,2,Dark - Not Lighted,1,Clear,0,No,0000000,Not Applicable,99,Unknown,98,Unknown if Notified,99,Unknown EMS Scene Arrival Hour,98,Unknown if Arrived,88,Not Applicable (Not Transported),88,Not Applicable (Not Transported),1
45,South Carolina,450043,0,0,4,4,0,4,4,19,CHARLESTON (19),410,CHARLESTON,1,January,24,24,2,Monday,2022,19,7:00pm-7:59pm,20,20,I-26,NA,1,Interstate,2,Urban,1,Interstate,1,State Highway Agency,1,This section IS ON the NHS,0,No Special Jurisdiction,2050,2050,32.97493056,32.97493056,-80.07628056,-80.07628056,12,Motor Vehicle In-Transport,1,Front-to-Rear,0,No,1,Non-Junction,1,Not an Intersection,1,On Roadway,0,None,2,Dark - Not Lighted,1,Clear,0,No,0000000,Not Applicable,99,Unknown,99,Unknown,99,Unknown EMS Scene Arrival Hour,99,Unknown EMS Scene Arrival Minutes,99,Unknown,99,Unknown EMS Hospital Arrival Time,1
45,South Carolina,450044,0,0,1,1,0,2,2,63,LEXINGTON (63),0,NOT APPLICABLE,1,January,25,25,3,Tuesday,2022,3,3:00am-3:59am,40,40,SR-113 WAGENER HWY,NA,3,State Highway,1,Rural,5,Major Collector,1,State Highway Agency,0,This section IS NOT on the NHS,0,No Special Jurisdiction,25,25,33.75719722,33.75719722,-81.36754444,-81.36754444,42,Tree (Standing Only),0,The First Harmful Event was Not a Collision with a Motor Vehicle in Transport,0,No,1,Non-Junction,1,Not an Intersection,4,On Roadside,0,None,6,Dark - Unknown Lighting,1,Clear,0,No,0000000,Not Applicable,99,Unknown,99,Unknown,99,Unknown EMS Scene Arrival Hour,99,Unknown EMS Scene Arrival Minutes,99,Unknown,99,Unknown EMS Hospital Arrival Time,1
45,South Carolina,450045,0,0,2,2,0,3,3,45,GREENVILLE (45),0,NOT APPLICABLE,1,January,25,25,3,Tuesday,2022,17,5:00pm-5:59pm,5,5,CR- BELVUE RD,NA,4,County Road,1,Rural,7,Local,2,County Highway Agency,0,This section IS NOT on the NHS,0,No Special Jurisdiction,15,15,35.00941667,35.00941667,-82.418425,-82.418425,1,Rollover/Overturn,0,The First Harmful Event was Not a Collision with a Motor Vehicle in Transport,0,No,1,Non-Junction,1,Not an Intersection,1,On Roadway,0,None,1,Daylight,1,Clear,0,No,0000000,Not Applicable,99,Unknown,99,Unknown,99,Unknown EMS Scene Arrival Hour,99,Unknown EMS Scene Arrival Minutes,99,Unknown,99,Unknown EMS Hospital Arrival Time,1
45,South Carolina,450046,0,0,2,2,0,4,4,59,LAURENS (59),0,NOT APPLICABLE,1,January,25,25,3,Tuesday,2022,9,9:00am-9:59am,35,35,SR-418 HWY 418,NA,3,State Highway,1,Rural,4,Minor Arterial,1,State Highway Agency,0,This section IS NOT on the NHS,0,No Special Jurisdiction,26,26,34.72436111,34.72436111,-82.16586111,-82.16586111,12,Motor Vehicle In-Transport,2,Front-to-Front,0,No,1,Non-Junction,1,Not an Intersection,1,On Roadway,0,None,1,Daylight,1,Clear,0,No,0000000,Not Applicable,99,Unknown,99,Unknown,99,Unknown EMS Scene Arrival Hour,99,Unknown EMS Scene Arrival Minutes,99,Unknown,99,Unknown EMS Hospital Arrival Time,4
45,South Carolina,450047,0,0,2,2,0,3,3,85,SUMTER (85),0,NOT APPLICABLE,1,January,28,28,6,Friday,2022,15,3:00pm-3:59pm,55,55,SR-40 N SAINT PAULS CHURCH RD,SR-344 DORSEY DRIVE,3,State Highway,2,Urban,5,Major Collector,1,State Highway Agency,0,This section IS NOT on the NHS,0,No Special Jurisdiction,10,10,33.95188611,33.95188611,-80.45135,-80.45135,12,Motor Vehicle In-Transport,6,Angle,0,No,2,Intersection,3,T-Intersection,1,On Roadway,0,None,1,Daylight,1,Clear,0,No,0000000,Not Applicable,99,Unknown,99,Unknown,99,Unknown EMS Scene Arrival Hour,99,Unknown EMS Scene Arrival Minutes,99,Unknown,99,Unknown EMS Hospital Arrival Time,1
45,South Carolina,450048,0,0,1,1,0,2,2,61,LEE (61),0,NOT APPLICABLE,1,January,28,28,6,Friday,2022,22,10:00pm-10:59pm,10,10,I-20,NA,1,Interstate,1,Rural,1,Interstate,1,State Highway Agency,1,This section IS ON the NHS,0,No Special Jurisdiction,1098,1098,34.20525278,34.20525278,-80.38762778,-80.38762778,42,Tree (Standing Only),0,The First Harmful Event was Not a Collision with a Motor Vehicle in Transport,0,No,1,Non-Junction,1,Not an Intersection,4,On Roadside,0,None,2,Dark - Not Lighted,1,Clear,0,No,0000000,Not Applicable,99,Unknown,99,Unknown,99,Unknown EMS Scene Arrival Hour,99,Unknown EMS Scene Arrival Minutes,99,Unknown,99,Unknown EMS Hospital Arrival Time,2
45,South Carolina,450049,0,0,2,2,0,2,2,45,GREENVILLE (45),0,NOT APPLICABLE,1,January,29,29,7,Saturday,2022,13,1:00pm-1:59pm,55,55,SR-14 HWY 14,NA,3,State Highway,2,Urban,3,Principal Arterial - Other,1,State Highway Agency,0,This section IS NOT on the NHS,0,No Special Jurisdiction,88,88,34.78015556,34.78015556,-82.25791944,-82.25791944,12,Motor Vehicle In-Transport,2,Front-to-Front,0,No,1,Non-Junction,1,Not an Intersection,1,On Roadway,0,None,1,Daylight,1,Clear,0,No,0000000,Not Applicable,99,Unknown,99,Unknown,99,Unknown EMS Scene Arrival Hour,99,Unknown EMS Scene Arrival Minutes,99,Unknown,99,Unknown EMS Hospital Arrival Time,1
45,South Carolina,450050,0,0,1,1,0,2,2,45,GREENVILLE (45),0,NOT APPLICABLE,1,January,29,29,7,Saturday,2022,17,5:00pm-5:59pm,25,25,I-385,NA,1,Interstate,2,Urban,1,Interstate,1,State Highway Agency,1,This section IS ON the NHS,0,No Special Jurisdiction,62,62,34.72395278,34.72395278,-82.39753056,-82.39753056,1,Rollover/Overturn,0,The First Harmful Event was Not a Collision with a Motor Vehicle in Transport,0,No,1,Non-Junction,1,Not an Intersection,1,On Roadway,0,None,1,Daylight,1,Clear,0,No,0000000,Not Applicable,99,Unknown,99,Unknown,99,Unknown EMS Scene Arrival Hour,99,Unknown EMS Scene Arrival Minutes,99,Unknown,99,Unknown EMS Hospital Arrival Time,1
45,South Carolina,450051,0,0,2,2,0,4,4,61,LEE (61),0,NOT APPLICABLE,1,January,30,30,1,Sunday,2022,17,5:00pm-5:59pm,5,5,SR-441 WOODROW STREET,NA,3,State Highway,1,Rural,5,Major Collector,1,State Highway Agency,0,This section IS NOT on the NHS,0,No Special Jurisdiction,36,36,34.12243611,34.12243611,-80.34974722,-80.34974722,12,Motor Vehicle In-Transport,2,Front-to-Front,0,No,1,Non-Junction,1,Not an Intersection,1,On Roadway,0,None,1,Daylight,1,Clear,0,No,0000000,Not Applicable,99,Unknown,99,Unknown,99,Unknown EMS Scene Arrival Hour,99,Unknown EMS Scene Arrival Minutes,99,Unknown,99,Unknown EMS Hospital Arrival Time,2
45,South Carolina,450052,0,0,1,1,0,1,1,85,SUMTER (85),0,NOT APPLICABLE,1,January,30,30,1,Sunday,2022,22,10:00pm-10:59pm,5,5,SR-1250 MAYFIELD DRIVE,NA,3,State Highway,2,Urban,7,Local,1,State Highway Agency,0,This section IS NOT on the NHS,0,No Special Jurisdiction,2,2,33.95841944,33.95841944,-80.47017222,-80.47017222,34,Ditch,0,The First Harmful Event was Not a Collision with a Motor Vehicle in Transport,0,No,1,Non-Junction,1,Not an Intersection,4,On Roadside,0,None,2,Dark - Not Lighted,1,Clear,0,No,0000000,Not Applicable,99,Unknown,98,Unknown if Notified,99,Unknown EMS Scene Arrival Hour,98,Unknown if Arrived,88,Not Applicable (Not Transported),88,Not Applicable (Not Transported),1
45,South Carolina,450053,1,1,1,1,0,1,1,45,GREENVILLE (45),0,NOT APPLICABLE,1,January,31,31,2,Monday,2022,20,8:00pm-8:59pm,10,10,I-385,NA,1,Interstate,2,Urban,1,Interstate,1,State Highway Agency,1,This section IS ON the NHS,0,No Special Jurisdiction,234,234,34.68653889,34.68653889,-82.21493056,-82.21493056,8,Pedestrian,0,The First Harmful Event was Not a Collision with a Motor Vehicle in Transport,0,No,1,Non-Junction,1,Not an Intersection,1,On Roadway,0,None,2,Dark - Not Lighted,1,Clear,0,No,0000000,Not Applicable,99,Unknown,98,Unknown if Notified,99,Unknown EMS Scene Arrival Hour,98,Unknown if Arrived,88,Not Applicable (Not Transported),88,Not Applicable (Not Transported),1
45,South Carolina,450054,0,0,2,2,0,4,4,41,FLORENCE (41),0,NOT APPLICABLE,1,January,3,3,2,Monday,2022,18,6:00pm-6:59pm,30,30,US-52,US-301,2,US Highway,1,Rural,3,Principal Arterial - Other,1,State Highway Agency,1,This section IS ON the NHS,0,No Special Jurisdiction,162,162,34.06496389,34.06496389,-79.76194167,-79.76194167,12,Motor Vehicle In-Transport,2,Front-to-Front,0,No,2,Intersection,2,Four-Way Intersection,1,On Roadway,0,None,2,Dark - Not Lighted,1,Clear,0,No,0000000,Not Applicable,99,Unknown,99,Unknown,99,Unknown EMS Scene Arrival Hour,99,Unknown EMS Scene Arrival Minutes,99,Unknown,99,Unknown EMS Hospital Arrival Time,1
45,South Carolina,450055,0,0,2,2,0,4,4,55,KERSHAW (55),0,NOT APPLICABLE,1,January,5,5,4,Wednesday,2022,20,8:00pm-8:59pm,15,15,US-521 SUMTER HWY,NA,2,US Highway,1,Rural,3,Principal Arterial - Other,1,State Highway Agency,1,This section IS ON the NHS,0,No Special Jurisdiction,18,18,34.149019439999996,34.149019439999996,-80.56203333,-80.56203333,12,Motor Vehicle In-Transport,2,Front-to-Front,0,No,1,Non-Junction,1,Not an Intersection,1,On Roadway,0,None,2,Dark - Not Lighted,1,Clear,0,No,0000000,Not Applicable,99,Unknown,99,Unknown,99,Unknown EMS Scene Arrival Hour,99,Unknown EMS Scene Arrival Minutes,99,Unknown,99,Unknown EMS Hospital Arrival Time,1
45,South Carolina,450056,0,0,1,1,0,1,1,31,DARLINGTON (31),0,NOT APPLICABLE,1,January,9,9,1,Sunday,2022,18,6:00pm-6:59pm,35,35,SR-60 SYRACUSE STREET,NA,3,State Highway,2,Urban,7,Local,1,State Highway Agency,0,This section IS NOT on the NHS,0,No Special Jurisdiction,7,7,34.28439444,34.28439444,-79.89717222,-79.89717222,34,Ditch,0,The First Harmful Event was Not a Collision with a Motor Vehicle in Transport,0,No,1,Non-Junction,1,Not an Intersection,4,On Roadside,0,None,2,Dark - Not Lighted,1,Clear,0,No,0000000,Not Applicable,99,Unknown,99,Unknown,99,Unknown EMS Scene Arrival Hour,99,Unknown EMS Scene Arrival Minutes,99,Unknown,99,Unknown EMS Hospital Arrival Time,1
45,South Carolina,450057,0,0,1,1,0,3,3,79,RICHLAND (79),520,COLUMBIA,1,January,10,10,2,Monday,2022,9,9:00am-9:59am,48,48,SR-456 KOON RD,NA,3,State Highway,2,Urban,7,Local,1,State Highway Agency,0,This section IS NOT on the NHS,0,No Special Jurisdiction,0,None,34.05361111,34.05361111,-81.01116944,-81.01116944,19,Building,0,The First Harmful Event was Not a Collision with a Motor Vehicle in Transport,0,No,1,Non-Junction,1,Not an Intersection,5,Outside Trafficway,0,None,1,Daylight,1,Clear,0,No,0000000,Not Applicable,99,Unknown,99,Unknown,99,Unknown EMS Scene Arrival Hour,99,Unknown EMS Scene Arrival Minutes,99,Unknown,99,Unknown EMS Hospital Arrival Time,1
45,South Carolina,450058,1,1,1,1,0,1,1,51,HORRY (51),1825,NORTH MYRTLE BEACH,1,January,20,20,5,Thursday,2022,6,6:00am-6:59am,5,5,SR-31 CAROLINA BAYS PKY,NA,3,State Highway,2,Urban,3,Principal Arterial - Other,1,State Highway Agency,0,This section IS NOT on the NHS,0,No Special Jurisdiction,55,55,33.81421111,33.81421111,-78.74646944,-78.74646944,8,Pedestrian,0,The First Harmful Event was Not a Collision with a Motor Vehicle in Transport,0,No,1,Non-Junction,1,Not an Intersection,1,On Roadway,0,None,2,Dark - Not Lighted,1,Clear,0,No,0000000,Not Applicable,99,Unknown,99,Unknown,99,Unknown EMS Scene Arrival Hour,99,Unknown EMS Scene Arrival Minutes,99,Unknown,99,Unknown EMS Hospital Arrival Time,1
45,South Carolina,450059,1,1,1,1,0,2,2,45,GREENVILLE (45),1040,GREENVILLE,1,January,27,27,5,Thursday,2022,19,7:00pm-7:59pm,35,35,SR-291 S PLEASANTBURG DRIVE,NA,3,State Highway,2,Urban,3,Principal Arterial - Other,1,State Highway Agency,0,This section IS NOT on the NHS,0,No Special Jurisdiction,30,30,34.80693889,34.80693889,-82.37263056,-82.37263056,8,Pedestrian,0,The First Harmful Event was Not a Collision with a Motor Vehicle in Transport,0,No,1,Non-Junction,1,Not an Intersection,1,On Roadway,0,None,3,Dark - Lighted,1,Clear,0,No,0000000,Not Applicable,99,Unknown,98,Unknown if Notified,99,Unknown EMS Scene Arrival Hour,98,Unknown if Arrived,88,Not Applicable (Not Transported),88,Not Applicable (Not Transported),1
45,South Carolina,450060,1,1,1,1,0,1,1,3,AIKEN (3),20,AIKEN,1,January,28,28,6,Friday,2022,22,10:00pm-10:59pm,57,57,US-1 RICHLAND AVE W,NA,2,US Highway,2,Urban,3,Principal Arterial - Other,1,State Highway Agency,1,This section IS ON the NHS,0,No Special Jurisdiction,128,128,33.56306111,33.56306111,-81.77143889,-81.77143889,8,Pedestrian,0,The First Harmful Event was Not a Collision with a Motor Vehicle in Transport,0,No,1,Non-Junction,1,Not an Intersection,1,On Roadway,0,None,3,Dark - Lighted,1,Clear,0,No,0000000,Not Applicable,99,Unknown,98,Unknown if Notified,99,Unknown EMS Scene Arrival Hour,98,Unknown if Arrived,88,Not Applicable (Not Transported),88,Not Applicable (Not Transported),1
45,South Carolina,450061,1,1,1,1,0,1,1,19,CHARLESTON (19),85,AWENDAW,1,January,28,28,6,Friday,2022,18,6:00pm-6:59pm,42,42,US-17,NA,2,US Highway,1,Rural,3,Principal Arterial - Other,1,State Highway Agency,1,This section IS ON the NHS,0,No Special Jurisdiction,571,571,33.02455278,33.02455278,-79.62998056,-79.62998056,8,Pedestrian,0,The First Harmful Event was Not a Collision with a Motor Vehicle in Transport,0,No,1,Non-Junction,1,Not an Intersection,1,On Roadway,0,None,2,Dark - Not Lighted,1,Clear,0,No,0000000,Not Applicable,99,Unknown,98,Unknown if Notified,99,Unknown EMS Scene Arrival Hour,98,Unknown if Arrived,88,Not Applicable (Not Transported),88,Not Applicable (Not Transported),1
45,South Carolina,450062,0,0,2,2,0,2,2,73,OCONEE (73),0,NOT APPLICABLE,2,February,1,1,3,Tuesday,2022,19,7:00pm-7:59pm,15,15,SR-130 WHITEWATER FALLS RD,NA,3,State Highway,1,Rural,5,Major Collector,1,State Highway Agency,0,This section IS NOT on the NHS,0,No Special Jurisdiction,242,242,34.957075,34.957075,-83.01974167,-83.01974167,12,Motor Vehicle In-Transport,8,Sideswipe - Opposite Direction,0,No,1,Non-Junction,1,Not an Intersection,1,On Roadway,0,None,2,Dark - Not Lighted,1,Clear,0,No,0000000,Not Applicable,99,Unknown,99,Unknown,99,Unknown EMS Scene Arrival Hour,99,Unknown EMS Scene Arrival Minutes,99,Unknown,99,Unknown EMS Hospital Arrival Time,1
45,South Carolina,450063,1,1,1,1,0,1,1,41,FLORENCE (41),0,NOT APPLICABLE,2,February,1,1,3,Tuesday,2022,21,9:00pm-9:59pm,33,33,SR-13 HOFFMEYER RD,NA,3,State Highway,2,Urban,4,Minor Arterial,1,State Highway Agency,0,This section IS NOT on the NHS,0,No Special Jurisdiction,32,32,34.19668889,34.19668889,-79.81735,-79.81735,8,Pedestrian,0,The First Harmful Event was Not a Collision with a Motor Vehicle in Transport,0,No,1,Non-Junction,1,Not an Intersection,1,On Roadway,0,None,3,Dark - Lighted,1,Clear,0,No,0000000,Not Applicable,99,Unknown,98,Unknown if Notified,99,Unknown EMS Scene Arrival Hour,98,Unknown if Arrived,88,Not Applicable (Not Transported),88,Not Applicable (Not Transported),1
45,South Carolina,450064,0,0,2,2,0,2,2,21,CHEROKEE (21),0,NOT APPLICABLE,2,February,1,1,3,Tuesday,2022,10,10:00am-10:59am,0,0,US-29 OLD GEORGIA HWY,NA,2,US Highway,1,Rural,3,Principal Arterial - Other,1,State Highway Agency,1,This section IS ON the NHS,0,No Special Jurisdiction,31,31,35.01651111,35.01651111,-81.73854167,-81.73854167,12,Motor Vehicle In-Transport,7,Sideswipe - Same Direction,0,No,1,Non-Junction,1,Not an Intersection,1,On Roadway,0,None,1,Daylight,1,Clear,0,No,0000000,Not Applicable,99,Unknown,99,Unknown,99,Unknown EMS Scene Arrival Hour,99,Unknown EMS Scene Arrival Minutes,99,Unknown,99,Unknown EMS Hospital Arrival Time,1
45,South Carolina,450065,0,0,2,2,0,2,2,85,SUMTER (85),0,NOT APPLICABLE,2,February,1,1,3,Tuesday,2022,16,4:00pm-4:59pm,0,0,US-521,NA,2,US Highway,1,Rural,3,Principal Arterial - Other,1,State Highway Agency,1,This section IS ON the NHS,0,No Special Jurisdiction,188,188,34.01233889,34.01233889,-80.44671111,-80.44671111,12,Motor Vehicle In-Transport,1,Front-to-Rear,0,No,1,Non-Junction,1,Not an Intersection,1,On Roadway,0,None,1,Daylight,1,Clear,0,No,0000000,Not Applicable,99,Unknown,99,Unknown,99,Unknown EMS Scene Arrival Hour,99,Unknown EMS Scene Arrival Minutes,99,Unknown,99,Unknown EMS Hospital Arrival Time,1
45,South Carolina,450066,0,0,3,3,0,3,3,45,GREENVILLE (45),0,NOT APPLICABLE,2,February,2,2,4,Wednesday,2022,7,7:00am-7:59am,20,20,SR-81 ANDERSON RD,NA,3,State Highway,2,Urban,4,Minor Arterial,1,State Highway Agency,0,This section IS NOT on the NHS,0,No Special Jurisdiction,7,7,34.80255556,34.80255556,-82.46115278,-82.46115278,12,Motor Vehicle In-Transport,2,Front-to-Front,0,No,1,Non-Junction,1,Not an Intersection,1,On Roadway,0,None,4,Dawn,1,Clear,0,No,0000000,Not Applicable,99,Unknown,99,Unknown,99,Unknown EMS Scene Arrival Hour,99,Unknown EMS Scene Arrival Minutes,99,Unknown,99,Unknown EMS Hospital Arrival Time,1
45,South Carolina,450067,1,1,1,1,0,1,1,85,SUMTER (85),0,NOT APPLICABLE,2,February,2,2,4,Wednesday,2022,18,6:00pm-6:59pm,18,18,US-76 ROBERT E GRAHAM FWY,NA,2,US Highway,2,Urban,2,Principal Arterial - Other Freeways and Expressways,1,State Highway Agency,1,This section IS ON the NHS,0,No Special Jurisdiction,169,169,33.94706944,33.94706944,-80.35412222,-80.35412222,9,Pedalcyclist,0,The First Harmful Event was Not a Collision with a Motor Vehicle in Transport,0,No,1,Non-Junction,1,Not an Intersection,1,On Roadway,0,None,2,Dark - Not Lighted,1,Clear,0,No,0000000,Not Applicable,99,Unknown,99,Unknown,99,Unknown EMS Scene Arrival Hour,99,Unknown EMS Scene Arrival Minutes,99,Unknown,99,Unknown EMS Hospital Arrival Time,1
45,South Carolina,450068,1,1,1,1,0,2,2,41,FLORENCE (41),0,NOT APPLICABLE,2,February,2,2,4,Wednesday,2022,21,9:00pm-9:59pm,32,32,US-76 E PALMETTO STREET,NA,2,US Highway,2,Urban,3,Principal Arterial - Other,1,State Highway Agency,1,This section IS ON the NHS,0,No Special Jurisdiction,230,230,34.19663889,34.19663889,-79.68975556,-79.68975556,8,Pedestrian,0,The First Harmful Event was Not a Collision with a Motor Vehicle in Transport,0,No,1,Non-Junction,1,Not an Intersection,1,On Roadway,0,None,3,Dark - Lighted,1,Clear,0,No,0000000,Not Applicable,99,Unknown,98,Unknown if Notified,99,Unknown EMS Scene Arrival Hour,98,Unknown if Arrived,88,Not Applicable (Not Transported),88,Not Applicable (Not Transported),1
45,South Carolina,450069,0,0,1,1,0,3,3,15,BERKELEY (15),0,NOT APPLICABLE,2,February,3,3,5,Thursday,2022,11,11:00am-11:59am,35,35,SR-360 OLD CHERRY HILL RD,NA,3,State Highway,1,Rural,7,Local,1,State Highway Agency,0,This section IS NOT on the NHS,0,No Special Jurisdiction,18,18,33.22978056,33.22978056,-79.94221111,-79.94221111,34,Ditch,0,The First Harmful Event was Not a Collision with a Motor Vehicle in Transport,0,No,1,Non-Junction,1,Not an Intersection,4,On Roadside,0,None,1,Daylight,1,Clear,0,No,0000000,Not Applicable,99,Unknown,99,Unknown,99,Unknown EMS Scene Arrival Hour,99,Unknown EMS Scene Arrival Minutes,99,Unknown,99,Unknown EMS Hospital Arrival Time,2
45,South Carolina,450070,0,0,3,3,0,6,6,75,ORANGEBURG (75),0,NOT APPLICABLE,2,February,3,3,5,Thursday,2022,17,5:00pm-5:59pm,0,0,SR-33 CAMERON RD,NA,3,State Highway,1,Rural,5,Major Collector,1,State Highway Agency,0,This section IS NOT on the NHS,0,No Special Jurisdiction,68,68,33.52678611,33.52678611,-80.77668889,-80.77668889,12,Motor Vehicle In-Transport,1,Front-to-Rear,0,No,1,Non-Junction,1,Not an Intersection,1,On Roadway,0,None,1,Daylight,1,Clear,0,No,0000000,Not Applicable,99,Unknown,99,Unknown,99,Unknown EMS Scene Arrival Hour,99,Unknown EMS Scene Arrival Minutes,99,Unknown,99,Unknown EMS Hospital Arrival Time,1