STATE,STATENAME,ST_CASE,PEDS,PERNOTMVIT,VE_TOTAL,VE_FORMS,PVH_INVL,PERSONS,PERMVIT,COUNTY,COUNTYNAME,CITY,CITYNAME,MONTH,MONTHNAME,DAY,DAYNAME,DAY_WEEK,DAY_WEEKNAME,YEAR,HOUR,HOURNAME,MINUTE,MINUTENAME,TWAY_ID,TWAY_ID2,ROUTE,ROUTENAME,RUR_URB,RUR_URBNAME,FUNC_SYS,FUNC_SYSNAME,RD_OWNER,RD_OWNERNAME,NHS,NHSNAME,SP_JUR,SP_JURNAME,MILEPT,MILEPTNAME,LATITUDE,LATITUDENAME,LONGITUD,LONGITUDNAME,HARM_EV,HARM_EVNAME,MAN_COLL,MAN_COLLNAME,RELJCT1,RELJCT1NAME,RELJCT2,RELJCT2NAME,TYP_INT,TYP_INTNAME,REL_ROAD,REL_ROADNAME,WRK_ZONE,WRK_ZONENAME,LGT_COND,LGT_CONDNAME,WEATHER,WEATHERNAME,SCH_BUS,SCH_BUSNAME,RAIL,RAILNAME,NOT_HOUR,NOT_HOURNAME,NOT_MIN,NOT_MINNAME,ARR_HOUR,ARR_HOURNAME,ARR_MIN,ARR_MINNAME,HOSP_HR,HOSP_HRNAME,HOSP_MN,HOSP_MNNAME,FATALS
45,South Carolina,450176,0,0,2,2,0,3,3,21,CHEROKEE (21),0,NOT APPLICABLE,3,March,17,17,5,Thursday,2022,19,7:00pm-7:59pm,48,48,SR-301 BAKER RD,NA,3,State Highway,1,Rural,5,Major Collector,1,State Highway Agency,0,This section IS NOT on the NHS,0,No Special Jurisdiction,7,7,35.02656389,35.02656389,-81.70462222,-81.70462222,12,Motor Vehicle In-Transport,2,Front-to-Front,0,No,1,Non-Junction,1,Not an Intersection,1,On Roadway,0,None,5,Dusk,1,Clear,0,No,0000000,Not Applicable,99,Unknown,99,Unknown,99,Unknown EMS Scene Arrival Hour,99,Unknown EMS Scene Arrival Minutes,99,Unknown,99,Unknown EMS Hospital Arrival Time,1
45,South Carolina,450177,0,0,1,1,0,1,1,27,CLARENDON (27),0,NOT APPLICABLE,3,March,18,18,6,Friday,2022,3,3:00am-3:59am,0,0,SR-48 BLOOMVILLE RD,NA,3,State Highway,1,Rural,5,Major Collector,1,State Highway Agency,0,This section IS NOT on the NHS,0,No Special Jurisdiction,36,36,33.56426667,33.56426667,-80.13191111,-80.13191111,42,Tree (Standing Only),0,The First Harmful Event was Not a Collision with a Motor Vehicle in Transport,0,No,1,Non-Junction,1,Not an Intersection,4,On Roadside,0,None,2,Dark - Not Lighted,1,Clear,0,No,0000000,Not Applicable,99,Unknown,98,Unknown if Notified,99,Unknown EMS Scene Arrival Hour,98,Unknown if Arrived,88,Not Applicable (Not Transported),88,Not Applicable (Not Transported),1
45,South Carolina,450178,0,0,1,1,0,1,1,7,ANDERSON (7),0,NOT APPLICABLE,3,March,18,18,6,Friday,2022,9,9:00am-9:59am,35,35,SR-205 BROADWAY SCHOOL RD,NA,3,State Highway,1,Rural,5,Major Collector,1,State Highway Agency,0,This section IS NOT on the NHS,0,No Special Jurisdiction,35,35,34.53703611,34.53703611,-82.537775,-82.537775,1,Rollover/Overturn,0,The First Harmful Event was Not a Collision with a Motor Vehicle in Transport,0,No,1,Non-Junction,1,Not an Intersection,1,On Roadway,0,None,1,Daylight,10,Cloudy,0,No,0000000,Not Applicable,99,Unknown,98,Unknown if Notified,99,Unknown EMS Scene Arrival Hour,98,Unknown if Arrived,88,Not Applicable (Not Transported),88,Not Applicable (Not Transported),1
45,South Carolina,450179,0,0,1,1,0,1,1,53,JASPER (53),0,NOT APPLICABLE,3,March,18,18,6,Friday,2022,3,3:00am-3:59am,21,21,SR-462 GILLISON BRANCH RD,NA,3,State Highway,1,Rural,5,Major Collector,1,State Highway Agency,0,This section IS NOT on the NHS,0,No Special Jurisdiction,114,114,32.61028889,32.61028889,-81.0271,-81.0271,53,Mail Box,0,The First Harmful Event was Not a Collision with a Motor Vehicle in Transport,0,No,1,Non-Junction,1,Not an Intersection,4,On Roadside,0,None,2,Dark - Not Lighted,1,Clear,0,No,0000000,Not Applicable,99,Unknown,98,Unknown if Notified,99,Unknown EMS Scene Arrival Hour,98,Unknown if Arrived,88,Not Applicable (Not Transported),88,Not Applicable (Not Transported),1
45,South Carolina,450180,0,0,2,2,0,5,5,83,SPARTANBURG (83),0,NOT APPLICABLE,3,March,18,18,6,Friday,2022,21,9:00pm-9:59pm,25,25,SR-41 N BLACKSTOCK RD,NA,3,State Highway,1,Rural,5,Major Collector,1,State Highway Agency,0,This section IS NOT on the NHS,0,No Special Jurisdiction,39,39,34.96795,34.96795,-82.02964167,-82.02964167,12,Motor Vehicle In-Transport,2,Front-to-Front,0,No,1,Non-Junction,1,Not an Intersection,1,On Roadway,0,None,1,Daylight,1,Clear,0,No,0000000,Not Applicable,99,Unknown,99,Unknown,99,Unknown EMS Scene Arrival Hour,99,Unknown EMS Scene Arrival Minutes,99,Unknown,99,Unknown EMS Hospital Arrival Time,1
45,South Carolina,450181,1,1,1,1,0,1,1,83,SPARTANBURG (83),2460,SPARTANBURG,1,January,23,23,1,Sunday,2022,19,7:00pm-7:59pm,58,58,US-29 SAINT JOHN STREET,CR- N WALKER STREET,2,US Highway,2,Urban,3,Principal Arterial - Other,1,State Highway Agency,1,This section IS ON the NHS,0,No Special Jurisdiction,168,168,34.94881944,34.94881944,-81.9414,-81.9414,8,Pedestrian,0,The First Harmful Event was Not a Collision with a Motor Vehicle in Transport,0,No,3,Intersection-Related,2,Four-Way Intersection,1,On Roadway,0,None,3,Dark - Lighted,1,Clear,0,No,0000000,Not Applicable,99,Unknown,99,Unknown,99,Unknown EMS Scene Arrival Hour,99,Unknown EMS Scene Arrival Minutes,99,Unknown,99,Unknown EMS Hospital Arrival Time,1
45,South Carolina,450182,0,0,2,2,0,2,2,15,BERKELEY (15),1680,MONCKS CORNER,2,February,5,5,7,Saturday,2022,13,1:00pm-1:59pm,25,25,US-17 SOUTH LIVE OAK DRIVE,NA,2,US Highway,2,Urban,3,Principal Arterial - Other,1,State Highway Agency,1,This section IS ON the NHS,0,No Special Jurisdiction,127,127,33.16645,33.16645,-80.04738889,-80.04738889,12,Motor Vehicle In-Transport,6,Angle,0,No,1,Non-Junction,1,Not an Intersection,1,On Roadway,0,None,1,Daylight,1,Clear,0,No,0000000,Not Applicable,99,Unknown,99,Unknown,99,Unknown EMS Scene Arrival Hour,99,Unknown EMS Scene Arrival Minutes,99,Unknown,99,Unknown EMS Hospital Arrival Time,1
45,South Carolina,450183,0,0,2,2,0,2,2,85,SUMTER (85),2550,SUMTER,3,March,3,3,5,Thursday,2022,12,12:00pm-12:59pm,18,18,SR-33 MCCRAYS MILL RD,CR- FOXCROFT DRIVE,3,State Highway,2,Urban,5,Major Collector,1,State Highway Agency,0,This section IS NOT on the NHS,0,No Special Jurisdiction,25,25,33.89948333,33.89948333,-80.39635556,-80.39635556,12,Motor Vehicle In-Transport,6,Angle,0,No,2,Intersection,3,T-Intersection,1,On Roadway,0,None,1,Daylight,1,Clear,0,No,0000000,Not Applicable,99,Unknown,99,Unknown,99,Unknown EMS Scene Arrival Hour,99,Unknown EMS Scene Arrival Minutes,99,Unknown,99,Unknown EMS Hospital Arrival Time,1
45,South Carolina,450184,0,0,3,3,0,5,5,7,ANDERSON (7),0,NOT APPLICABLE,3,March,12,12,7,Saturday,2022,10,10:00am-10:59am,25,25,SR-28 PEARMAN DAIRY RD,NA,3,State Highway,2,Urban,3,Principal Arterial - Other,1,State Highway Agency,0,This section IS NOT on the NHS,0,No Special Jurisdiction,173,173,34.53438056,34.53438056,-82.69798056,-82.69798056,33,Curb,0,The First Harmful Event was Not a Collision with a Motor Vehicle in Transport,0,No,1,Non-Junction,1,Not an Intersection,4,On Roadside,0,None,1,Daylight,1,Clear,0,No,0000000,Not Applicable,99,Unknown,99,Unknown,99,Unknown EMS Scene Arrival Hour,99,Unknown EMS Scene Arrival Minutes,99,Unknown,99,Unknown EMS Hospital Arrival Time,1
45,South Carolina,450185,1,1,1,1,0,1,1,51,HORRY (51),540,CONWAY,3,March,19,19,7,Saturday,2022,13,1:00pm-1:59pm,0,0,SR-107 OAK STREET,NA,3,State Highway,2,Urban,5,Major Collector,1,State Highway Agency,0,This section IS NOT on the NHS,0,No Special Jurisdiction,17,17,33.86251111,33.86251111,-79.06445,-79.06445,8,Pedestrian,0,The First Harmful Event was Not a Collision with a Motor Vehicle in Transport,0,No,1,Non-Junction,1,Not an Intersection,1,On Roadway,0,None,1,Daylight,1,Clear,0,No,0000000,Not Applicable,99,Unknown,99,Unknown,99,Unknown EMS Scene Arrival Hour,99,Unknown EMS Scene Arrival Minutes,99,Unknown,99,Unknown EMS Hospital Arrival Time,1
45,South Carolina,450186,0,0,2,2,0,3,3,45,GREENVILLE (45),1060,GREER,2,February,20,20,1,Sunday,2022,22,10:00pm-10:59pm,35,35,US-29 WADE HAMPTON BLVD,NA,2,US Highway,2,Urban,3,Principal Arterial - Other,1,State Highway Agency,1,This section IS ON the NHS,0,No Special Jurisdiction,181,181,34.94906667,34.94906667,-82.23988056,-82.23988056,12,Motor Vehicle In-Transport,2,Front-to-Front,0,No,1,Non-Junction,1,Not an Intersection,1,On Roadway,0,None,3,Dark - Lighted,1,Clear,0,No,0000000,Not Applicable,99,Unknown,99,Unknown,99,Unknown EMS Scene Arrival Hour,99,Unknown EMS Scene Arrival Minutes,99,Unknown,99,Unknown EMS Hospital Arrival Time,1
45,South Carolina,450187,0,0,1,1,0,1,1,73,OCONEE (73),2710,WALHALLA,2,February,23,23,4,Wednesday,2022,11,11:00am-11:59am,0,0,SR-183 N CATHERINE STREET,NA,3,State Highway,2,Urban,4,Minor Arterial,1,State Highway Agency,0,This section IS NOT on the NHS,0,No Special Jurisdiction,76,76,34.76620556,34.76620556,-83.06381944,-83.06381944,33,Curb,0,The First Harmful Event was Not a Collision with a Motor Vehicle in Transport,0,No,1,Non-Junction,1,Not an Intersection,4,On Roadside,0,None,1,Daylight,1,Clear,0,No,0000000,Not Applicable,99,Unknown,99,Unknown,99,Unknown EMS Scene Arrival Hour,99,Unknown EMS Scene Arrival Minutes,99,Unknown,99,Unknown EMS Hospital Arrival Time,1
45,South Carolina,450188,0,0,1,1,0,1,1,69,MARLBORO (69),0,NOT APPLICABLE,3,March,20,20,1,Sunday,2022,18,6:00pm-6:59pm,15,15,SR-34 PEA BRIDGE RD,NA,3,State Highway,1,Rural,4,Minor Arterial,1,State Highway Agency,0,This section IS NOT on the NHS,0,No Special Jurisdiction,21,21,34.66468611,34.66468611,-79.51228611,-79.51228611,34,Ditch,0,The First Harmful Event was Not a Collision with a Motor Vehicle in Transport,0,No,1,Non-Junction,1,Not an Intersection,4,On Roadside,0,None,1,Daylight,1,Clear,0,No,0000000,Not Applicable,99,Unknown,98,Unknown if Notified,99,Unknown EMS Scene Arrival Hour,98,Unknown if Arrived,88,Not Applicable (Not Transported),88,Not Applicable (Not Transported),1
45,South Carolina,450189,0,0,1,1,0,1,1,55,KERSHAW (55),0,NOT APPLICABLE,3,March,20,20,1,Sunday,2022,18,6:00pm-6:59pm,47,47,I-20,NA,1,Interstate,1,Rural,1,Interstate,1,State Highway Agency,1,This section IS ON the NHS,0,No Special Jurisdiction,888,888,34.15775833,34.15775833,-80.72988056,-80.72988056,1,Rollover/Overturn,0,The First Harmful Event was Not a Collision with a Motor Vehicle in Transport,0,No,1,Non-Junction,1,Not an Intersection,4,On Roadside,0,None,5,Dusk,1,Clear,0,No,0000000,Not Applicable,99,Unknown,98,Unknown if Notified,99,Unknown EMS Scene Arrival Hour,98,Unknown if Arrived,88,Not Applicable (Not Transported),88,Not Applicable (Not Transported),1
45,South Carolina,450190,0,0,2,2,0,8,8,23,CHESTER (23),0,NOT APPLICABLE,3,March,20,20,1,Sunday,2022,21,9:00pm-9:59pm,11,11,I-77,NA,1,Interstate,1,Rural,1,Interstate,1,State Highway Agency,1,This section IS ON the NHS,0,No Special Jurisdiction,661,661,34.76715278,34.76715278,-81.03709444,-81.03709444,12,Motor Vehicle In-Transport,6,Angle,1,Yes,5,Entrance/Exit Ramp Related,1,Not an Intersection,1,On Roadway,0,None,2,Dark - Not Lighted,1,Clear,0,No,0000000,Not Applicable,99,Unknown,99,Unknown,99,Unknown EMS Scene Arrival Hour,99,Unknown EMS Scene Arrival Minutes,99,Unknown,99,Unknown EMS Hospital Arrival Time,1
45,South Carolina,450191,0,0,1,1,0,2,2,31,DARLINGTON (31),0,NOT APPLICABLE,3,March,21,21,2,Monday,2022,5,5:00am-5:59am,15,15,SR-28,NA,3,State Highway,1,Rural,5,Major Collector,1,State Highway Agency,0,This section IS NOT on the NHS,0,No Special Jurisdiction,40,40,34.27989444,34.27989444,-80.05187222,-80.05187222,31,"Post, Pole or Other Supports",0,The First Harmful Event was Not a Collision with a Motor Vehicle in Transport,0,No,1,Non-Junction,1,Not an Intersection,4,On Roadside,0,None,2,Dark - Not Lighted,1,Clear,0,No,0000000,Not Applicable,99,Unknown,99,Unknown,99,Unknown EMS Scene Arrival Hour,99,Unknown EMS Scene Arrival Minutes,99,Unknown,99,Unknown EMS Hospital Arrival Time,1
45,South Carolina,450192,1,1,1,1,0,1,1,41,FLORENCE (41),0,NOT APPLICABLE,3,March,21,21,2,Monday,2022,6,6:00am-6:59am,0,0,SR-358 E ASHBY RD,SR- 1512 DOGWOOD LANE,3,State Highway,2,Urban,4,Minor Arterial,1,State Highway Agency,0,This section IS NOT on the NHS,0,No Special Jurisdiction,25,25,34.22896944,34.22896944,-79.74027778,-79.74027778,8,Pedestrian,0,The First Harmful Event was Not a Collision with a Motor Vehicle in Transport,0,No,3,Intersection-Related,2,Four-Way Intersection,1,On Roadway,0,None,2,Dark - Not Lighted,1,Clear,0,No,0000000,Not Applicable,99,Unknown,98,Unknown if Notified,99,Unknown EMS Scene Arrival Hour,98,Unknown if Arrived,88,Not Applicable (Not Transported),88,Not Applicable (Not Transported),1
45,South Carolina,450193,0,0,2,2,0,3,3,23,CHESTER (23),0,NOT APPLICABLE,3,March,21,21,2,Monday,2022,7,7:00am-7:59am,5,5,I-77,NA,1,Interstate,1,Rural,1,Interstate,1,State Highway Agency,1,This section IS ON the NHS,0,No Special Jurisdiction,594,594,34.67518889,34.67518889,-81.02906944,-81.02906944,12,Motor Vehicle In-Transport,1,Front-to-Rear,0,No,1,Non-Junction,1,Not an Intersection,1,On Roadway,0,None,4,Dawn,1,Clear,0,No,0000000,Not Applicable,99,Unknown,98,Unknown if Notified,99,Unknown EMS Scene Arrival Hour,98,Unknown if Arrived,88,Not Applicable (Not Transported),88,Not Applicable (Not Transported),1
45,South Carolina,450194,0,0,2,2,0,3,3,19,CHARLESTON (19),0,NOT APPLICABLE,3,March,21,21,2,Monday,2022,9,9:00am-9:59am,46,46,US-17,NA,2,US Highway,2,Urban,3,Principal Arterial - Other,1,State Highway Agency,1,This section IS ON the NHS,0,No Special Jurisdiction,323,323,32.80416944,32.80416944,-79.94416944,-79.94416944,24,Guardrail Face,0,The First Harmful Event was Not a Collision with a Motor Vehicle in Transport,0,No,1,Non-Junction,1,Not an Intersection,8,Gore,0,None,1,Daylight,1,Clear,0,No,0000000,Not Applicable,99,Unknown,99,Unknown,99,Unknown EMS Scene Arrival Hour,99,Unknown EMS Scene Arrival Minutes,99,Unknown,99,Unknown EMS Hospital Arrival Time,1
45,South Carolina,450195,1,1,1,1,0,1,1,19,CHARLESTON (19),1805,NORTH CHARLESTON,3,March,21,21,2,Monday,2022,21,9:00pm-9:59pm,17,17,SR-642 DORCHESTER RD,NA,3,State Highway,2,Urban,3,Principal Arterial - Other,1,State Highway Agency,0,This section IS NOT on the NHS,0,No Special Jurisdiction,68,68,32.85415,32.85415,-80.01248056,-80.01248056,8,Pedestrian,0,The First Harmful Event was Not a Collision with a Motor Vehicle in Transport,0,No,1,Non-Junction,1,Not an Intersection,1,On Roadway,0,None,3,Dark - Lighted,1,Clear,0,No,0000000,Not Applicable,99,Unknown,98,Unknown if Notified,99,Unknown EMS Scene Arrival Hour,98,Unknown if Arrived,88,Not Applicable (Not Transported),88,Not Applicable (Not Transported),1
45,South Carolina,450196,0,0,1,1,0,1,1,7,ANDERSON (7),0,NOT APPLICABLE,3,March,22,22,3,Tuesday,2022,1,1:00am-1:59am,23,23,CR-DOUBLETREE DRIVE,NA,4,County Road,2,Urban,7,Local,2,County Highway Agency,0,This section IS NOT on the NHS,0,No Special Jurisdiction,2,2,34.54753611,34.54753611,-82.69865,-82.69865,39,Wall,0,The First Harmful Event was Not a Collision with a Motor Vehicle in Transport,0,No,1,Non-Junction,1,Not an Intersection,4,On Roadside,0,None,2,Dark - Not Lighted,1,Clear,0,No,0000000,Not Applicable,99,Unknown,99,Unknown,99,Unknown EMS Scene Arrival Hour,99,Unknown EMS Scene Arrival Minutes,99,Unknown,99,Unknown EMS Hospital Arrival Time,1
45,South Carolina,450197,0,0,2,2,0,5,5,87,UNION (87),0,NOT APPLICABLE,3,March,22,22,3,Tuesday,2022,11,11:00am-11:59am,23,23,US-176 FURMAN L FENDLEY HWY,CR- FARROW RD,2,US Highway,1,Rural,3,Principal Arterial - Other,1,State Highway Agency,1,This section IS ON the NHS,0,No Special Jurisdiction,25,25,34.851975,34.851975,-81.73283611,-81.73283611,12,Motor Vehicle In-Transport,6,Angle,0,No,2,Intersection,2,Four-Way Intersection,1,On Roadway,0,None,1,Daylight,1,Clear,0,No,0000000,Not Applicable,99,Unknown,99,Unknown,99,Unknown EMS Scene Arrival Hour,99,Unknown EMS Scene Arrival Minutes,99,Unknown,99,Unknown EMS Hospital Arrival Time,2
45,South Carolina,450198,1,1,1,1,0,1,1,63,LEXINGTON (63),0,NOT APPLICABLE,3,March,22,22,3,Tuesday,2022,23,11:00pm-11:59pm,25,25,I-20 ENTRANCE RAMP,NA,1,Interstate,1,Rural,1,Interstate,1,State Highway Agency,1,This section IS ON the NHS,0,No Special Jurisdiction,384,384,33.81278611,33.81278611,-81.456075,-81.456075,8,Pedestrian,0,The First Harmful Event was Not a Collision with a Motor Vehicle in Transport,1,Yes,20,Entrance/Exit Ramp,1,Not an Intersection,1,On Roadway,0,None,2,Dark - Not Lighted,1,Clear,0,No,0000000,Not Applicable,99,Unknown,98,Unknown if Notified,99,Unknown EMS Scene Arrival Hour,98,Unknown if Arrived,88,Not Applicable (Not Transported),88,Not Applicable (Not Transported),1
45,South Carolina,450199,0,0,2,2,0,2,2,41,FLORENCE (41),0,NOT APPLICABLE,3,March,22,22,3,Tuesday,2022,23,11:00pm-11:59pm,24,24,I-95 EXIT RAMP,NA,1,Interstate,1,Rural,1,Interstate,1,State Highway Agency,1,This section IS ON the NHS,0,No Special Jurisdiction,1695,1695,34.26430278,34.26430278,-79.7323,-79.7323,12,Motor Vehicle In-Transport,1,Front-to-Rear,1,Yes,5,Entrance/Exit Ramp Related,1,Not an Intersection,1,On Roadway,0,None,6,Dark - Unknown Lighting,1,Clear,0,No,0000000,Not Applicable,99,Unknown,98,Unknown if Notified,99,Unknown EMS Scene Arrival Hour,98,Unknown if Arrived,88,Not Applicable (Not Transported),88,Not Applicable (Not Transported),1
45,South Carolina,450200,0,0,3,3,0,4,4,13,BEAUFORT (13),0,NOT APPLICABLE,3,March,25,25,6,Friday,2022,11,11:00am-11:59am,46,46,US-17 CHARLESTON HWY,NA,2,US Highway,1,Rural,3,Principal Arterial - Other,1,State Highway Agency,1,This section IS ON the NHS,0,No Special Jurisdiction,87,87,32.62021944,32.62021944,-80.73637778,-80.73637778,12,Motor Vehicle In-Transport,6,Angle,0,No,1,Non-Junction,1,Not an Intersection,1,On Roadway,0,None,1,Daylight,1,Clear,0,No,0000000,Not Applicable,99,Unknown,99,Unknown,99,Unknown EMS Scene Arrival Hour,99,Unknown EMS Scene Arrival Minutes,99,Unknown,99,Unknown EMS Hospital Arrival Time,1
45,South Carolina,450201,0,0,3,3,0,8,8,63,LEXINGTON (63),0,NOT APPLICABLE,3,March,25,25,6,Friday,2022,18,6:00pm-6:59pm,45,45,SR-6,NA,3,State Highway,2,Urban,4,Minor Arterial,1,State Highway Agency,0,This section IS NOT on the NHS,0,No Special Jurisdiction,44,44,34.04157778,34.04157778,-81.21629722,-81.21629722,12,Motor Vehicle In-Transport,2,Front-to-Front,0,No,1,Non-Junction,1,Not an Intersection,1,On Roadway,0,None,5,Dusk,1,Clear,0,No,0000000,Not Applicable,99,Unknown,99,Unknown,99,Unknown EMS Scene Arrival Hour,99,Unknown EMS Scene Arrival Minutes,99,Unknown,99,Unknown EMS Hospital Arrival Time,1
45,South Carolina,450202,0,0,2,2,0,3,3,79,RICHLAND (79),0,NOT APPLICABLE,3,March,26,26,7,Saturday,2022,0,0:00am-0:59am,25,25,I-26,NA,1,Interstate,1,Rural,1,Interstate,1,State Highway Agency,1,This section IS ON the NHS,0,No Special Jurisdiction,926,926,34.17027778,34.17027778,-81.30123056,-81.30123056,12,Motor Vehicle In-Transport,1,Front-to-Rear,0,No,1,Non-Junction,1,Not an Intersection,1,On Roadway,4,"Work Zone, Type Unknown",2,Dark - Not Lighted,1,Clear,0,No,0000000,Not Applicable,99,Unknown,99,Unknown,99,Unknown EMS Scene Arrival Hour,99,Unknown EMS Scene Arrival Minutes,99,Unknown,99,Unknown EMS Hospital Arrival Time,1
45,South Carolina,450203,0,0,1,1,0,4,4,31,DARLINGTON (31),0,NOT APPLICABLE,3,March,26,26,7,Saturday,2022,6,6:00am-6:59am,30,30,SR-28 INDIAN BRANCH RD,NA,3,State Highway,1,Rural,5,Major Collector,1,State Highway Agency,0,This section IS NOT on the NHS,0,No Special Jurisdiction,116,116,34.28746944,34.28746944,-79.93105556,-79.93105556,30,Utility Pole/Light Support,0,The First Harmful Event was Not a Collision with a Motor Vehicle in Transport,0,No,1,Non-Junction,1,Not an Intersection,4,On Roadside,0,None,2,Dark - Not Lighted,1,Clear,0,No,0000000,Not Applicable,99,Unknown,99,Unknown,99,Unknown EMS Scene Arrival Hour,99,Unknown EMS Scene Arrival Minutes,99,Unknown,99,Unknown EMS Hospital Arrival Time,3
45,South Carolina,450204,0,0,1,1,0,2,2,75,ORANGEBURG (75),0,NOT APPLICABLE,3,March,26,26,7,Saturday,2022,10,10:00am-10:59am,30,30,I-95,NA,1,Interstate,1,Rural,1,Interstate,1,State Highway Agency,1,This section IS ON the NHS,0,No Special Jurisdiction,961,961,33.45661389,33.45661389,-80.47896667,-80.47896667,59,Traffic Sign Support,0,The First Harmful Event was Not a Collision with a Motor Vehicle in Transport,0,No,1,Non-Junction,1,Not an Intersection,4,On Roadside,0,None,1,Daylight,1,Clear,0,No,0000000,Not Applicable,99,Unknown,98,Unknown if Notified,99,Unknown EMS Scene Arrival Hour,98,Unknown if Arrived,88,Not Applicable (Not Transported),88,Not Applicable (Not Transported),1
45,South Carolina,450205,0,0,1,1,0,1,1,51,HORRY (51),0,NOT APPLICABLE,3,March,26,26,7,Saturday,2022,14,2:00pm-2:59pm,29,29,SR-319 HWY 319,NA,3,State Highway,1,Rural,5,Major Collector,1,State Highway Agency,0,This section IS NOT on the NHS,0,No Special Jurisdiction,125,125,33.894430560000004,33.894430560000004,-79.05723056,-79.05723056,1,Rollover/Overturn,0,The First Harmful Event was Not a Collision with a Motor Vehicle in Transport,0,No,8,Driveway Access Related,1,Not an Intersection,4,On Roadside,0,None,1,Daylight,1,Clear,0,No,0000000,Not Applicable,99,Unknown,99,Unknown,99,Unknown EMS Scene Arrival Hour,99,Unknown EMS Scene Arrival Minutes,99,Unknown,99,Unknown EMS Hospital Arrival Time,1
45,South Carolina,450206,0,0,1,1,0,1,1,15,BERKELEY (15),0,NOT APPLICABLE,3,March,26,26,7,Saturday,2022,16,4:00pm-4:59pm,0,0,SR-136 HENRY E BROWN BLVD,NA,3,State Highway,2,Urban,4,Minor Arterial,1,State Highway Agency,0,This section IS NOT on the NHS,0,No Special Jurisdiction,29,29,32.96047222,32.96047222,-80.00653333,-80.00653333,1,Rollover/Overturn,0,The First Harmful Event was Not a Collision with a Motor Vehicle in Transport,0,No,1,Non-Junction,1,Not an Intersection,4,On Roadside,0,None,1,Daylight,1,Clear,0,No,0000000,Not Applicable,99,Unknown,99,Unknown,99,Unknown EMS Scene Arrival Hour,99,Unknown EMS Scene Arrival Minutes,99,Unknown,99,Unknown EMS Hospital Arrival Time,1
45,South Carolina,450207,0,0,1,1,0,1,1,69,MARLBORO (69),0,NOT APPLICABLE,3,March,26,26,7,Saturday,2022,21,9:00pm-9:59pm,45,45,SR-48 E MAIN STREET EXT,NA,3,State Highway,1,Rural,7,Local,1,State Highway Agency,0,This section IS NOT on the NHS,0,No Special Jurisdiction,21,21,34.63530278,34.63530278,-79.660075,-79.660075,53,Mail Box,0,The First Harmful Event was Not a Collision with a Motor Vehicle in Transport,0,No,8,Driveway Access Related,1,Not an Intersection,4,On Roadside,0,None,2,Dark - Not Lighted,1,Clear,0,No,0000000,Not Applicable,99,Unknown,98,Unknown if Notified,99,Unknown EMS Scene Arrival Hour,98,Unknown if Arrived,88,Not Applicable (Not Transported),88,Not Applicable (Not Transported),1
45,South Carolina,450208,0,0,1,1,0,1,1,17,CALHOUN (17),0,NOT APPLICABLE,3,March,26,26,7,Saturday,2022,22,10:00pm-10:59pm,50,50,SR-286 STOUDENMIRE DRIVE,NA,3,State Highway,1,Rural,7,Local,1,State Highway Agency,0,This section IS NOT on the NHS,0,No Special Jurisdiction,11,11,33.61611389,33.61611389,-80.55226667,-80.55226667,1,Rollover/Overturn,0,The First Harmful Event was Not a Collision with a Motor Vehicle in Transport,0,No,1,Non-Junction,1,Not an Intersection,5,Outside Trafficway,0,None,6,Dark - Unknown Lighting,1,Clear,0,No,0000000,Not Applicable,99,Unknown,98,Unknown if Notified,99,Unknown EMS Scene Arrival Hour,98,Unknown if Arrived,88,Not Applicable (Not Transported),88,Not Applicable (Not Transported),1
45,South Carolina,450209,0,0,2,2,0,3,3,51,HORRY (51),1730,MYRTLE BEACH,3,March,27,27,1,Sunday,2022,2,2:00am-2:59am,31,31,US-17 HWY 17 BYPASS,NA,2,US Highway,2,Urban,3,Principal Arterial - Other,1,State Highway Agency,1,This section IS ON the NHS,0,No Special Jurisdiction,149,149,33.7273,33.7273,-78.871,-78.871,12,Motor Vehicle In-Transport,1,Front-to-Rear,0,No,1,Non-Junction,1,Not an Intersection,1,On Roadway,0,None,3,Dark - Lighted,1,Clear,0,No,0000000,Not Applicable,99,Unknown,98,Unknown if Notified,99,Unknown EMS Scene Arrival Hour,98,Unknown if Arrived,88,Not Applicable (Not Transported),88,Not Applicable (Not Transported),1
45,South Carolina,450210,1,1,2,2,0,5,5,83,SPARTANBURG (83),0,NOT APPLICABLE,3,March,26,26,7,Saturday,2022,23,11:00pm-11:59pm,0,0,SR-489 HIDDEN HILLS RD,NA,3,State Highway,2,Urban,5,Major Collector,1,State Highway Agency,0,This section IS NOT on the NHS,0,No Special Jurisdiction,27,27,34.91154444,34.91154444,-81.98162222,-81.98162222,8,Pedestrian,0,The First Harmful Event was Not a Collision with a Motor Vehicle in Transport,0,No,8,Driveway Access Related,1,Not an Intersection,1,On Roadway,0,None,2,Dark - Not Lighted,1,Clear,0,No,0000000,Not Applicable,99,Unknown,99,Unknown,99,Unknown EMS Scene Arrival Hour,99,Unknown EMS Scene Arrival Minutes,99,Unknown,99,Unknown EMS Hospital Arrival Time,1