STATE,STATENAME,ST_CASE,PEDS,PERNOTMVIT,VE_TOTAL,VE_FORMS,PVH_INVL,PERSONS,PERMVIT,COUNTY,COUNTYNAME,CITY,CITYNAME,MONTH,MONTHNAME,DAY,DAYNAME,DAY_WEEK,DAY_WEEKNAME,YEAR,HOUR,HOURNAME,MINUTE,MINUTENAME,TWAY_ID,TWAY_ID2,ROUTE,ROUTENAME,RUR_URB,RUR_URBNAME,FUNC_SYS,FUNC_SYSNAME,RD_OWNER,RD_OWNERNAME,NHS,NHSNAME,SP_JUR,SP_JURNAME,MILEPT,MILEPTNAME,LATITUDE,LATITUDENAME,LONGITUD,LONGITUDNAME,HARM_EV,HARM_EVNAME,MAN_COLL,MAN_COLLNAME,RELJCT1,RELJCT1NAME,RELJCT2,RELJCT2NAME,TYP_INT,TYP_INTNAME,REL_ROAD,REL_ROADNAME,WRK_ZONE,WRK_ZONENAME,LGT_COND,LGT_CONDNAME,WEATHER,WEATHERNAME,SCH_BUS,SCH_BUSNAME,RAIL,RAILNAME,NOT_HOUR,NOT_HOURNAME,NOT_MIN,NOT_MINNAME,ARR_HOUR,ARR_HOURNAME,ARR_MIN,ARR_MINNAME,HOSP_HR,HOSP_HRNAME,HOSP_MN,HOSP_MNNAME,FATALS
45,South Carolina,450318,1,1,2,1,1,2,2,3,AIKEN (3),1800,NORTH AUGUSTA,5,May,10,10,3,Tuesday,2022,6,6:00am-6:59am,45,45,I-20 EXIT RAMP,NA,1,Interstate,2,Urban,1,Interstate,1,State Highway Agency,1,This section IS ON the NHS,0,No Special Jurisdiction,13,13,33.53851944,33.53851944,-81.99616944,-81.99616944,14,Parked Motor Vehicle,0,The First Harmful Event was Not a Collision with a Motor Vehicle in Transport,1,Yes,20,Entrance/Exit Ramp,1,Not an Intersection,1,On Roadway,0,None,1,Daylight,1,Clear,0,No,0000000,Not Applicable,99,Unknown,99,Unknown,99,Unknown EMS Scene Arrival Hour,99,Unknown EMS Scene Arrival Minutes,99,Unknown,99,Unknown EMS Hospital Arrival Time,1
45,South Carolina,450319,0,0,1,1,0,2,2,45,GREENVILLE (45),0,NOT APPLICABLE,5,May,11,11,4,Wednesday,2022,1,1:00am-1:59am,6,6,I-385,NA,1,Interstate,2,Urban,1,Interstate,1,State Highway Agency,1,This section IS ON the NHS,0,No Special Jurisdiction,336,336,34.79666944,34.79666944,-82.28033056,-82.28033056,24,Guardrail Face,0,The First Harmful Event was Not a Collision with a Motor Vehicle in Transport,0,No,1,Non-Junction,1,Not an Intersection,4,On Roadside,0,None,6,Dark - Unknown Lighting,1,Clear,0,No,0000000,Not Applicable,99,Unknown,99,Unknown,99,Unknown EMS Scene Arrival Hour,99,Unknown EMS Scene Arrival Minutes,99,Unknown,99,Unknown EMS Hospital Arrival Time,1
45,South Carolina,450320,0,0,3,3,0,3,3,45,GREENVILLE (45),0,NOT APPLICABLE,5,May,12,12,5,Thursday,2022,7,7:00am-7:59am,14,14,I-85,NA,1,Interstate,2,Urban,1,Interstate,1,State Highway Agency,1,This section IS ON the NHS,0,No Special Jurisdiction,494,494,34.81291111,34.81291111,-82.33941111,-82.33941111,12,Motor Vehicle In-Transport,1,Front-to-Rear,0,No,1,Non-Junction,1,Not an Intersection,1,On Roadway,0,None,1,Daylight,1,Clear,0,No,0000000,Not Applicable,99,Unknown,99,Unknown,99,Unknown EMS Scene Arrival Hour,99,Unknown EMS Scene Arrival Minutes,99,Unknown,99,Unknown EMS Hospital Arrival Time,1
45,South Carolina,450321,0,0,1,1,0,1,1,45,GREENVILLE (45),0,NOT APPLICABLE,5,May,13,13,6,Friday,2022,23,11:00pm-11:59pm,15,15,SR-418 HWY 418,NA,3,State Highway,1,Rural,4,Minor Arterial,1,State Highway Agency,0,This section IS NOT on the NHS,0,No Special Jurisdiction,97,97,34.67451389,34.67451389,-82.22951944,-82.22951944,42,Tree (Standing Only),0,The First Harmful Event was Not a Collision with a Motor Vehicle in Transport,0,No,1,Non-Junction,1,Not an Intersection,4,On Roadside,0,None,2,Dark - Not Lighted,1,Clear,0,No,0000000,Not Applicable,99,Unknown,98,Unknown if Notified,99,Unknown EMS Scene Arrival Hour,98,Unknown if Arrived,88,Not Applicable (Not Transported),88,Not Applicable (Not Transported),1
45,South Carolina,450322,0,0,2,2,0,3,3,75,ORANGEBURG (75),0,NOT APPLICABLE,5,May,14,14,7,Saturday,2022,23,11:00pm-11:59pm,40,40,SR-33 HICLORY HILL RD,SR-74 SHILLINGS BRIDGE RD,3,State Highway,1,Rural,5,Major Collector,1,State Highway Agency,0,This section IS NOT on the NHS,0,No Special Jurisdiction,11,11,33.46396944,33.46396944,-80.99175,-80.99175,12,Motor Vehicle In-Transport,6,Angle,0,No,2,Intersection,2,Four-Way Intersection,1,On Roadway,0,None,2,Dark - Not Lighted,1,Clear,0,No,0000000,Not Applicable,99,Unknown,99,Unknown,99,Unknown EMS Scene Arrival Hour,99,Unknown EMS Scene Arrival Minutes,99,Unknown,99,Unknown EMS Hospital Arrival Time,1
45,South Carolina,450323,0,0,1,1,0,2,2,19,CHARLESTON (19),1245,JOHNS ISLAND,5,May,14,14,7,Saturday,2022,1,1:00am-1:59am,5,5,SR-1442 BROWNSWOOD RD,NA,3,State Highway,2,Urban,5,Major Collector,1,State Highway Agency,0,This section IS NOT on the NHS,0,No Special Jurisdiction,10,10,32.73208611,32.73208611,-80.08349444,-80.08349444,34,Ditch,0,The First Harmful Event was Not a Collision with a Motor Vehicle in Transport,0,No,1,Non-Junction,1,Not an Intersection,4,On Roadside,0,None,2,Dark - Not Lighted,10,Cloudy,0,No,0000000,Not Applicable,99,Unknown,98,Unknown if Notified,99,Unknown EMS Scene Arrival Hour,98,Unknown if Arrived,88,Not Applicable (Not Transported),88,Not Applicable (Not Transported),2
45,South Carolina,450324,0,0,2,2,0,5,5,75,ORANGEBURG (75),0,NOT APPLICABLE,5,May,14,14,7,Saturday,2022,16,4:00pm-4:59pm,1,1,US-15 BASS DRIVE,SR-314 BUNCH FORD RD,2,US Highway,1,Rural,3,Principal Arterial - Other,1,State Highway Agency,1,This section IS ON the NHS,0,No Special Jurisdiction,17,17,33.31788889,33.31788889,-80.4678,-80.4678,12,Motor Vehicle In-Transport,6,Angle,0,No,2,Intersection,3,T-Intersection,1,On Roadway,0,None,1,Daylight,1,Clear,0,No,0000000,Not Applicable,99,Unknown,99,Unknown,99,Unknown EMS Scene Arrival Hour,99,Unknown EMS Scene Arrival Minutes,99,Unknown,99,Unknown EMS Hospital Arrival Time,1
45,South Carolina,450325,0,0,1,1,0,1,1,47,GREENWOOD (47),0,NOT APPLICABLE,5,May,14,14,7,Saturday,2022,23,11:00pm-11:59pm,18,18,SR-97 DEADFALL RD,NA,3,State Highway,2,Urban,5,Major Collector,1,State Highway Agency,0,This section IS NOT on the NHS,0,No Special Jurisdiction,11,11,34.24167778,34.24167778,-82.16732778,-82.16732778,1,Rollover/Overturn,0,The First Harmful Event was Not a Collision with a Motor Vehicle in Transport,0,No,1,Non-Junction,1,Not an Intersection,4,On Roadside,0,None,2,Dark - Not Lighted,1,Clear,0,No,0000000,Not Applicable,99,Unknown,98,Unknown if Notified,99,Unknown EMS Scene Arrival Hour,98,Unknown if Arrived,88,Not Applicable (Not Transported),88,Not Applicable (Not Transported),1
45,South Carolina,450326,0,0,3,3,0,3,3,45,GREENVILLE (45),0,NOT APPLICABLE,5,May,15,15,1,Sunday,2022,7,7:00am-7:59am,31,31,I-85,NA,1,Interstate,2,Urban,1,Interstate,1,State Highway Agency,1,This section IS ON the NHS,0,No Special Jurisdiction,529,529,34.85373611,34.85373611,-82.27356944,-82.27356944,12,Motor Vehicle In-Transport,6,Angle,0,No,1,Non-Junction,1,Not an Intersection,1,On Roadway,0,None,1,Daylight,1,Clear,0,No,0000000,Not Applicable,99,Unknown,99,Unknown,99,Unknown EMS Scene Arrival Hour,99,Unknown EMS Scene Arrival Minutes,99,Unknown,99,Unknown EMS Hospital Arrival Time,1
45,South Carolina,450327,1,1,1,1,0,1,1,51,HORRY (51),0,NOT APPLICABLE,5,May,15,15,1,Sunday,2022,20,8:00pm-8:59pm,36,36,US-17 HWY 17 BUSINESS,NA,2,US Highway,2,Urban,3,Principal Arterial - Other,1,State Highway Agency,1,This section IS ON the NHS,0,No Special Jurisdiction,4,4,33.5764,33.5764,-79.02544444,-79.02544444,8,Pedestrian,0,The First Harmful Event was Not a Collision with a Motor Vehicle in Transport,0,No,1,Non-Junction,1,Not an Intersection,1,On Roadway,0,None,2,Dark - Not Lighted,1,Clear,0,No,0000000,Not Applicable,99,Unknown,99,Unknown,99,Unknown EMS Scene Arrival Hour,99,Unknown EMS Scene Arrival Minutes,99,Unknown,99,Unknown EMS Hospital Arrival Time,1
45,South Carolina,450328,1,1,1,1,0,1,1,19,CHARLESTON (19),1805,NORTH CHARLESTON,5,May,16,16,2,Monday,2022,1,1:00am-1:59am,10,10,I-26 RAMP,NA,1,Interstate,2,Urban,1,Interstate,1,State Highway Agency,1,This section IS ON the NHS,0,No Special Jurisdiction,2081,2081,32.93973889,32.93973889,-80.05070278,-80.05070278,8,Pedestrian,0,The First Harmful Event was Not a Collision with a Motor Vehicle in Transport,1,Yes,20,Entrance/Exit Ramp,1,Not an Intersection,1,On Roadway,0,None,2,Dark - Not Lighted,1,Clear,0,No,0000000,Not Applicable,99,Unknown,98,Unknown if Notified,99,Unknown EMS Scene Arrival Hour,98,Unknown if Arrived,88,Not Applicable (Not Transported),88,Not Applicable (Not Transported),1
45,South Carolina,450329,0,0,1,1,0,1,1,79,RICHLAND (79),0,NOT APPLICABLE,5,May,16,16,2,Monday,2022,15,3:00pm-3:59pm,20,20,CR-WOOD TRAIL DRIVE,NA,4,County Road,2,Urban,7,Local,2,County Highway Agency,0,This section IS NOT on the NHS,0,No Special Jurisdiction,1,1,34.04790556,34.04790556,-81.08593611,-81.08593611,42,Tree (Standing Only),0,The First Harmful Event was Not a Collision with a Motor Vehicle in Transport,0,No,1,Non-Junction,1,Not an Intersection,4,On Roadside,0,None,1,Daylight,1,Clear,0,No,0000000,Not Applicable,99,Unknown,98,Unknown if Notified,99,Unknown EMS Scene Arrival Hour,98,Unknown if Arrived,88,Not Applicable (Not Transported),88,Not Applicable (Not Transported),1
45,South Carolina,450330,0,0,1,1,0,2,2,57,LANCASTER (57),0,NOT APPLICABLE,5,May,17,17,3,Tuesday,2022,6,6:00am-6:59am,12,12,SR-200 GREAT FALLS HWY,NA,3,State Highway,1,Rural,4,Minor Arterial,1,State Highway Agency,0,This section IS NOT on the NHS,0,No Special Jurisdiction,48,48,34.65012778,34.65012778,-80.83732222,-80.83732222,42,Tree (Standing Only),0,The First Harmful Event was Not a Collision with a Motor Vehicle in Transport,0,No,1,Non-Junction,1,Not an Intersection,4,On Roadside,0,None,1,Daylight,1,Clear,0,No,0000000,Not Applicable,99,Unknown,99,Unknown,99,Unknown EMS Scene Arrival Hour,99,Unknown EMS Scene Arrival Minutes,99,Unknown,99,Unknown EMS Hospital Arrival Time,1
45,South Carolina,450331,0,0,1,1,0,1,1,79,RICHLAND (79),0,NOT APPLICABLE,5,May,18,18,4,Wednesday,2022,21,9:00pm-9:59pm,18,18,SR-60,NA,3,State Highway,1,Rural,5,Major Collector,1,State Highway Agency,0,This section IS NOT on the NHS,0,No Special Jurisdiction,17,17,34.225980560000004,34.225980560000004,-80.89038611,-80.89038611,42,Tree (Standing Only),0,The First Harmful Event was Not a Collision with a Motor Vehicle in Transport,0,No,1,Non-Junction,1,Not an Intersection,4,On Roadside,0,None,2,Dark - Not Lighted,1,Clear,0,No,0000000,Not Applicable,99,Unknown,99,Unknown,99,Unknown EMS Scene Arrival Hour,99,Unknown EMS Scene Arrival Minutes,99,Unknown,99,Unknown EMS Hospital Arrival Time,1
45,South Carolina,450332,0,0,1,1,0,1,1,7,ANDERSON (7),0,NOT APPLICABLE,5,May,18,18,4,Wednesday,2022,13,1:00pm-1:59pm,17,17,SR-28 HWY 28,NA,3,State Highway,2,Urban,6,Minor Collector,1,State Highway Agency,0,This section IS NOT on the NHS,0,No Special Jurisdiction,125,125,34.47779167,34.47779167,-82.65720556,-82.65720556,34,Ditch,0,The First Harmful Event was Not a Collision with a Motor Vehicle in Transport,0,No,1,Non-Junction,1,Not an Intersection,4,On Roadside,0,None,1,Daylight,1,Clear,0,No,0000000,Not Applicable,99,Unknown,99,Unknown,99,Unknown EMS Scene Arrival Hour,99,Unknown EMS Scene Arrival Minutes,99,Unknown,99,Unknown EMS Hospital Arrival Time,1
45,South Carolina,450333,0,0,1,1,0,1,1,45,GREENVILLE (45),0,NOT APPLICABLE,5,May,18,18,4,Wednesday,2022,9,9:00am-9:59am,20,20,SR-14 HWY 14,NA,3,State Highway,2,Urban,3,Principal Arterial - Other,1,State Highway Agency,0,This section IS NOT on the NHS,0,No Special Jurisdiction,112,112,34.81095,34.81095,-82.25686111,-82.25686111,42,Tree (Standing Only),0,The First Harmful Event was Not a Collision with a Motor Vehicle in Transport,0,No,1,Non-Junction,1,Not an Intersection,4,On Roadside,0,None,1,Daylight,1,Clear,0,No,0000000,Not Applicable,99,Unknown,99,Unknown,99,Unknown EMS Scene Arrival Hour,99,Unknown EMS Scene Arrival Minutes,99,Unknown,99,Unknown EMS Hospital Arrival Time,1
45,South Carolina,450334,0,0,1,1,0,1,1,51,HORRY (51),0,NOT APPLICABLE,5,May,19,19,5,Thursday,2022,1,1:00am-1:59am,25,25,SR-57 WAMPEE RD,NA,3,State Highway,1,Rural,5,Major Collector,1,State Highway Agency,0,This section IS NOT on the NHS,0,No Special Jurisdiction,6,6,33.86289722,33.86289722,-78.72585278,-78.72585278,34,Ditch,0,The First Harmful Event was Not a Collision with a Motor Vehicle in Transport,0,No,1,Non-Junction,1,Not an Intersection,4,On Roadside,0,None,2,Dark - Not Lighted,1,Clear,0,No,0000000,Not Applicable,99,Unknown,99,Unknown,99,Unknown EMS Scene Arrival Hour,99,Unknown EMS Scene Arrival Minutes,99,Unknown,99,Unknown EMS Hospital Arrival Time,1
45,South Carolina,450335,0,0,1,1,0,1,1,33,DILLON (33),0,NOT APPLICABLE,5,May,19,19,5,Thursday,2022,6,6:00am-6:59am,36,36,I-95,NA,1,Interstate,1,Rural,1,Interstate,1,State Highway Agency,1,This section IS ON the NHS,0,No Special Jurisdiction,1812,1812,34.34029722,34.34029722,-79.53793056,-79.53793056,42,Tree (Standing Only),0,The First Harmful Event was Not a Collision with a Motor Vehicle in Transport,0,No,1,Non-Junction,1,Not an Intersection,3,On Median,0,None,1,Daylight,1,Clear,0,No,0000000,Not Applicable,99,Unknown,99,Unknown,99,Unknown EMS Scene Arrival Hour,99,Unknown EMS Scene Arrival Minutes,99,Unknown,99,Unknown EMS Hospital Arrival Time,1
45,South Carolina,450336,0,0,2,2,0,2,2,49,HAMPTON (49),0,NOT APPLICABLE,5,May,19,19,5,Thursday,2022,8,8:00am-8:59am,45,45,US-321 COLUMBIA HWY,NA,2,US Highway,1,Rural,3,Principal Arterial - Other,1,State Highway Agency,1,This section IS ON the NHS,0,No Special Jurisdiction,146,146,32.80608611,32.80608611,-81.24031944,-81.24031944,12,Motor Vehicle In-Transport,2,Front-to-Front,0,No,1,Non-Junction,1,Not an Intersection,1,On Roadway,0,None,1,Daylight,1,Clear,0,No,0000000,Not Applicable,99,Unknown,99,Unknown,99,Unknown EMS Scene Arrival Hour,99,Unknown EMS Scene Arrival Minutes,99,Unknown,99,Unknown EMS Hospital Arrival Time,1
45,South Carolina,450337,1,1,1,1,0,1,1,91,YORK (91),0,NOT APPLICABLE,5,May,19,19,5,Thursday,2022,10,10:00am-10:59am,56,56,I-77,NA,1,Interstate,2,Urban,1,Interstate,1,State Highway Agency,1,This section IS ON the NHS,0,No Special Jurisdiction,908,908,35.09836389,35.09836389,-80.93213889,-80.93213889,8,Pedestrian,0,The First Harmful Event was Not a Collision with a Motor Vehicle in Transport,0,No,1,Non-Junction,1,Not an Intersection,1,On Roadway,0,None,1,Daylight,1,Clear,0,No,0000000,Not Applicable,99,Unknown,99,Unknown,99,Unknown EMS Scene Arrival Hour,99,Unknown EMS Scene Arrival Minutes,99,Unknown,99,Unknown EMS Hospital Arrival Time,1
45,South Carolina,450338,0,0,1,1,0,2,2,57,LANCASTER (57),0,NOT APPLICABLE,5,May,19,19,5,Thursday,2022,13,1:00pm-1:59pm,30,30,US-521 CHARLOTTE HWY,NA,2,US Highway,2,Urban,3,Principal Arterial - Other,1,State Highway Agency,1,This section IS ON the NHS,0,No Special Jurisdiction,402,402,34.95814444,34.95814444,-80.85383056,-80.85383056,34,Ditch,0,The First Harmful Event was Not a Collision with a Motor Vehicle in Transport,0,No,1,Non-Junction,1,Not an Intersection,4,On Roadside,0,None,1,Daylight,1,Clear,0,No,0000000,Not Applicable,99,Unknown,99,Unknown,99,Unknown EMS Scene Arrival Hour,99,Unknown EMS Scene Arrival Minutes,99,Unknown,99,Unknown EMS Hospital Arrival Time,1
45,South Carolina,450339,0,0,1,1,0,1,1,51,HORRY (51),0,NOT APPLICABLE,5,May,20,20,6,Friday,2022,0,0:00am-0:59am,35,35,SR-1244 GEORGE BISHOP PKWY,NA,3,State Highway,2,Urban,4,Minor Arterial,1,State Highway Agency,0,This section IS NOT on the NHS,0,No Special Jurisdiction,62,62,33.71016111,33.71016111,-78.94026944,-78.94026944,33,Curb,0,The First Harmful Event was Not a Collision with a Motor Vehicle in Transport,0,No,1,Non-Junction,1,Not an Intersection,4,On Roadside,0,None,3,Dark - Lighted,1,Clear,0,No,0000000,Not Applicable,99,Unknown,99,Unknown,99,Unknown EMS Scene Arrival Hour,99,Unknown EMS Scene Arrival Minutes,99,Unknown,99,Unknown EMS Hospital Arrival Time,1
45,South Carolina,450340,0,0,2,2,0,7,7,7,ANDERSON (7),0,NOT APPLICABLE,5,May,20,20,6,Friday,2022,18,6:00pm-6:59pm,0,0,SR-81 HWY 81,NA,3,State Highway,2,Urban,4,Minor Arterial,1,State Highway Agency,0,This section IS NOT on the NHS,0,No Special Jurisdiction,264,264,34.60502222,34.60502222,-82.61180556,-82.61180556,12,Motor Vehicle In-Transport,2,Front-to-Front,0,No,1,Non-Junction,1,Not an Intersection,1,On Roadway,0,None,1,Daylight,1,Clear,0,No,0000000,Not Applicable,99,Unknown,99,Unknown,99,Unknown EMS Scene Arrival Hour,99,Unknown EMS Scene Arrival Minutes,99,Unknown,99,Unknown EMS Hospital Arrival Time,4
45,South Carolina,450341,0,0,1,1,0,1,1,51,HORRY (51),0,NOT APPLICABLE,5,May,20,20,6,Friday,2022,19,7:00pm-7:59pm,45,45,US-501,NA,2,US Highway,2,Urban,3,Principal Arterial - Other,1,State Highway Agency,1,This section IS ON the NHS,0,No Special Jurisdiction,139,139,33.89095556,33.89095556,-79.12248056,-79.12248056,43,Other Fixed Object,0,The First Harmful Event was Not a Collision with a Motor Vehicle in Transport,0,No,1,Non-Junction,1,Not an Intersection,4,On Roadside,0,None,5,Dusk,1,Clear,0,No,0000000,Not Applicable,99,Unknown,98,Unknown if Notified,99,Unknown EMS Scene Arrival Hour,98,Unknown if Arrived,88,Not Applicable (Not Transported),88,Not Applicable (Not Transported),1
45,South Carolina,450342,0,0,1,1,0,1,1,51,HORRY (51),540,CONWAY,5,May,21,21,7,Saturday,2022,19,7:00pm-7:59pm,30,30,CR- JOHNSON STREET,NA,4,County Road,2,Urban,7,Local,1,State Highway Agency,0,This section IS NOT on the NHS,0,No Special Jurisdiction,0,None,33.819,33.819,-79.08108889,-79.08108889,53,Mail Box,0,The First Harmful Event was Not a Collision with a Motor Vehicle in Transport,0,No,1,Non-Junction,1,Not an Intersection,4,On Roadside,0,None,1,Daylight,1,Clear,0,No,0000000,Not Applicable,99,Unknown,99,Unknown,99,Unknown EMS Scene Arrival Hour,99,Unknown EMS Scene Arrival Minutes,99,Unknown,99,Unknown EMS Hospital Arrival Time,1
45,South Carolina,450343,0,0,1,1,0,1,1,41,FLORENCE (41),0,NOT APPLICABLE,5,May,21,21,7,Saturday,2022,23,11:00pm-11:59pm,57,57,SR-58 VOX HWY,NA,3,State Highway,1,Rural,5,Major Collector,1,State Highway Agency,0,This section IS NOT on the NHS,0,No Special Jurisdiction,80,80,33.804,33.804,-79.54056944,-79.54056944,34,Ditch,0,The First Harmful Event was Not a Collision with a Motor Vehicle in Transport,0,No,1,Non-Junction,1,Not an Intersection,4,On Roadside,0,None,2,Dark - Not Lighted,1,Clear,0,No,0000000,Not Applicable,99,Unknown,99,Unknown,99,Unknown EMS Scene Arrival Hour,99,Unknown EMS Scene Arrival Minutes,99,Unknown,99,Unknown EMS Hospital Arrival Time,1
45,South Carolina,450344,0,0,1,1,0,1,1,83,SPARTANBURG (83),0,NOT APPLICABLE,5,May,22,22,1,Sunday,2022,2,2:00am-2:59am,35,35,SR-79 VALLEY FALLS RD,NA,3,State Highway,2,Urban,5,Major Collector,1,State Highway Agency,0,This section IS NOT on the NHS,0,No Special Jurisdiction,6,6,35.02676944,35.02676944,-81.9707,-81.9707,31,"Post, Pole or Other Supports",0,The First Harmful Event was Not a Collision with a Motor Vehicle in Transport,0,No,1,Non-Junction,1,Not an Intersection,4,On Roadside,0,None,2,Dark - Not Lighted,1,Clear,0,No,0000000,Not Applicable,99,Unknown,99,Unknown,99,Unknown EMS Scene Arrival Hour,99,Unknown EMS Scene Arrival Minutes,99,Unknown,99,Unknown EMS Hospital Arrival Time,1
45,South Carolina,450345,0,0,1,1,0,1,1,63,LEXINGTON (63),0,NOT APPLICABLE,5,May,22,22,1,Sunday,2022,19,7:00pm-7:59pm,16,16,SR-104 OLD BARNWELL RD,NA,3,State Highway,2,Urban,4,Minor Arterial,1,State Highway Agency,0,This section IS NOT on the NHS,0,No Special Jurisdiction,43,43,33.93778611,33.93778611,-81.18611389,-81.18611389,59,Traffic Sign Support,0,The First Harmful Event was Not a Collision with a Motor Vehicle in Transport,0,No,1,Non-Junction,1,Not an Intersection,4,On Roadside,0,None,1,Daylight,1,Clear,0,No,0000000,Not Applicable,99,Unknown,98,Unknown if Notified,99,Unknown EMS Scene Arrival Hour,98,Unknown if Arrived,88,Not Applicable (Not Transported),88,Not Applicable (Not Transported),1
45,South Carolina,450346,0,0,3,3,0,5,5,79,RICHLAND (79),0,NOT APPLICABLE,5,May,22,22,1,Sunday,2022,18,6:00pm-6:59pm,0,0,I-77,NA,1,Interstate,2,Urban,1,Interstate,1,State Highway Agency,1,This section IS ON the NHS,0,No Special Jurisdiction,119,119,34.01726944,34.01726944,-80.94916944,-80.94916944,12,Motor Vehicle In-Transport,7,Sideswipe - Same Direction,0,No,1,Non-Junction,1,Not an Intersection,1,On Roadway,0,None,1,Daylight,1,Clear,0,No,0000000,Not Applicable,99,Unknown,98,Unknown if Notified,99,Unknown EMS Scene Arrival Hour,98,Unknown if Arrived,88,Not Applicable (Not Transported),88,Not Applicable (Not Transported),1
45,South Carolina,450347,0,0,1,1,0,1,1,51,HORRY (51),0,NOT APPLICABLE,5,May,22,22,1,Sunday,2022,12,12:00pm-12:59pm,35,35,SR-19 HWY 19,NA,3,State Highway,1,Rural,5,Major Collector,1,State Highway Agency,0,This section IS NOT on the NHS,0,No Special Jurisdiction,139,139,34.05328611,34.05328611,-78.99924444,-78.99924444,34,Ditch,0,The First Harmful Event was Not a Collision with a Motor Vehicle in Transport,0,No,1,Non-Junction,1,Not an Intersection,4,On Roadside,0,None,1,Daylight,1,Clear,0,No,0000000,Not Applicable,99,Unknown,98,Unknown if Notified,99,Unknown EMS Scene Arrival Hour,98,Unknown if Arrived,88,Not Applicable (Not Transported),88,Not Applicable (Not Transported),1
45,South Carolina,450348,0,0,1,1,0,1,1,79,RICHLAND (79),520,COLUMBIA,5,May,19,19,5,Thursday,2022,6,6:00am-6:59am,0,0,SR-245 KOON RD,NA,3,State Highway,2,Urban,7,Local,1,State Highway Agency,0,This section IS NOT on the NHS,0,No Special Jurisdiction,0,None,34.05138056,34.05138056,-81.01063056,-81.01063056,10,Railway Vehicle,0,The First Harmful Event was Not a Collision with a Motor Vehicle in Transport,0,No,6,Railway Grade Crossing,1,Not an Intersection,1,On Roadway,0,None,4,Dawn,1,Clear,0,No,634302E,634302E,99,Unknown,99,Unknown,99,Unknown EMS Scene Arrival Hour,99,Unknown EMS Scene Arrival Minutes,99,Unknown,99,Unknown EMS Hospital Arrival Time,1
45,South Carolina,450349,0,0,2,2,0,7,7,45,GREENVILLE (45),910,FOUNTAIN INN,5,May,23,23,2,Monday,2022,2,2:00am-2:59am,18,18,I-385,NA,1,Interstate,2,Urban,1,Interstate,1,State Highway Agency,1,This section IS ON the NHS,0,No Special Jurisdiction,233,233,34.68485556,34.68485556,-82.21182222,-82.21182222,12,Motor Vehicle In-Transport,1,Front-to-Rear,0,No,1,Non-Junction,1,Not an Intersection,1,On Roadway,0,None,2,Dark - Not Lighted,1,Clear,0,No,0000000,Not Applicable,99,Unknown,99,Unknown,99,Unknown EMS Scene Arrival Hour,99,Unknown EMS Scene Arrival Minutes,99,Unknown,99,Unknown EMS Hospital Arrival Time,1
45,South Carolina,450350,1,1,1,1,0,1,1,75,ORANGEBURG (75),0,NOT APPLICABLE,5,May,24,24,3,Tuesday,2022,21,9:00pm-9:59pm,30,30,US-21 COLUMBIA RD,NA,2,US Highway,1,Rural,3,Principal Arterial - Other,1,State Highway Agency,1,This section IS ON the NHS,0,No Special Jurisdiction,322,322,33.61402778,33.61402778,-80.87835833,-80.87835833,8,Pedestrian,0,The First Harmful Event was Not a Collision with a Motor Vehicle in Transport,0,No,1,Non-Junction,1,Not an Intersection,1,On Roadway,0,None,2,Dark - Not Lighted,1,Clear,0,No,0000000,Not Applicable,99,Unknown,99,Unknown,99,Unknown EMS Scene Arrival Hour,99,Unknown EMS Scene Arrival Minutes,99,Unknown,99,Unknown EMS Hospital Arrival Time,1
45,South Carolina,450351,0,0,1,1,0,2,2,29,COLLETON (29),0,NOT APPLICABLE,5,May,25,25,4,Wednesday,2022,12,12:00pm-12:59pm,30,30,I-95,NA,1,Interstate,2,Urban,1,Interstate,1,State Highway Agency,1,This section IS ON the NHS,0,No Special Jurisdiction,554,554,32.90484444,32.90484444,-80.70304444,-80.70304444,42,Tree (Standing Only),0,The First Harmful Event was Not a Collision with a Motor Vehicle in Transport,0,No,1,Non-Junction,1,Not an Intersection,3,On Median,0,None,1,Daylight,1,Clear,0,No,0000000,Not Applicable,99,Unknown,99,Unknown,99,Unknown EMS Scene Arrival Hour,99,Unknown EMS Scene Arrival Minutes,99,Unknown,99,Unknown EMS Hospital Arrival Time,1
45,South Carolina,450352,0,0,2,2,0,2,2,75,ORANGEBURG (75),0,NOT APPLICABLE,5,May,25,25,4,Wednesday,2022,21,9:00pm-9:59pm,15,15,US-178 NORTH RD,CR- DEER CROSSING RD,2,US Highway,1,Rural,3,Principal Arterial - Other,1,State Highway Agency,1,This section IS ON the NHS,0,No Special Jurisdiction,174,174,33.55871389,33.55871389,-80.94556389,-80.94556389,12,Motor Vehicle In-Transport,1,Front-to-Rear,0,No,2,Intersection,3,T-Intersection,1,On Roadway,0,None,2,Dark - Not Lighted,1,Clear,0,No,0000000,Not Applicable,99,Unknown,99,Unknown,99,Unknown EMS Scene Arrival Hour,99,Unknown EMS Scene Arrival Minutes,99,Unknown,99,Unknown EMS Hospital Arrival Time,1
45,South Carolina,450353,0,0,1,1,0,1,1,13,BEAUFORT (13),0,NOT APPLICABLE,5,May,26,26,5,Thursday,2022,8,8:00am-8:59am,55,55,US-17,NA,2,US Highway,1,Rural,3,Principal Arterial - Other,1,State Highway Agency,1,This section IS ON the NHS,0,No Special Jurisdiction,61,61,32.60036111,32.60036111,-80.775175,-80.775175,1,Rollover/Overturn,0,The First Harmful Event was Not a Collision with a Motor Vehicle in Transport,0,No,1,Non-Junction,1,Not an Intersection,4,On Roadside,0,None,1,Daylight,1,Clear,0,No,0000000,Not Applicable,99,Unknown,98,Unknown if Notified,99,Unknown EMS Scene Arrival Hour,98,Unknown if Arrived,88,Not Applicable (Not Transported),88,Not Applicable (Not Transported),1