STATE,STATENAME,ST_CASE,PEDS,PERNOTMVIT,VE_TOTAL,VE_FORMS,PVH_INVL,PERSONS,PERMVIT,COUNTY,COUNTYNAME,CITY,CITYNAME,MONTH,MONTHNAME,DAY,DAYNAME,DAY_WEEK,DAY_WEEKNAME,YEAR,HOUR,HOURNAME,MINUTE,MINUTENAME,TWAY_ID,TWAY_ID2,ROUTE,ROUTENAME,RUR_URB,RUR_URBNAME,FUNC_SYS,FUNC_SYSNAME,RD_OWNER,RD_OWNERNAME,NHS,NHSNAME,SP_JUR,SP_JURNAME,MILEPT,MILEPTNAME,LATITUDE,LATITUDENAME,LONGITUD,LONGITUDNAME,HARM_EV,HARM_EVNAME,MAN_COLL,MAN_COLLNAME,RELJCT1,RELJCT1NAME,RELJCT2,RELJCT2NAME,TYP_INT,TYP_INTNAME,REL_ROAD,REL_ROADNAME,WRK_ZONE,WRK_ZONENAME,LGT_COND,LGT_CONDNAME,WEATHER,WEATHERNAME,SCH_BUS,SCH_BUSNAME,RAIL,RAILNAME,NOT_HOUR,NOT_HOURNAME,NOT_MIN,NOT_MINNAME,ARR_HOUR,ARR_HOURNAME,ARR_MIN,ARR_MINNAME,HOSP_HR,HOSP_HRNAME,HOSP_MN,HOSP_MNNAME,FATALS
45,South Carolina,450391,0,0,1,1,0,1,1,49,HAMPTON (49),0,NOT APPLICABLE,6,June,6,6,2,Monday,2022,1,1:00am-1:59am,0,0,SR-531 SECESSION RD,NA,3,State Highway,1,Rural,7,Local,1,State Highway Agency,0,This section IS NOT on the NHS,0,No Special Jurisdiction,6,6,32.71093056,32.71093056,-81.26073889,-81.26073889,34,Ditch,0,The First Harmful Event was Not a Collision with a Motor Vehicle in Transport,0,No,1,Non-Junction,1,Not an Intersection,4,On Roadside,0,None,2,Dark - Not Lighted,1,Clear,0,No,0000000,Not Applicable,99,Unknown,99,Unknown,99,Unknown EMS Scene Arrival Hour,99,Unknown EMS Scene Arrival Minutes,99,Unknown,99,Unknown EMS Hospital Arrival Time,1
45,South Carolina,450392,0,0,1,1,0,2,2,75,ORANGEBURG (75),0,NOT APPLICABLE,6,June,6,6,2,Monday,2022,15,3:00pm-3:59pm,12,12,I-26,NA,1,Interstate,1,Rural,1,Interstate,1,State Highway Agency,1,This section IS ON the NHS,0,No Special Jurisdiction,1646,1646,33.36491111,33.36491111,-80.59825,-80.59825,42,Tree (Standing Only),0,The First Harmful Event was Not a Collision with a Motor Vehicle in Transport,0,No,1,Non-Junction,1,Not an Intersection,4,On Roadside,0,None,1,Daylight,1,Clear,0,No,0000000,Not Applicable,99,Unknown,99,Unknown,99,Unknown EMS Scene Arrival Hour,99,Unknown EMS Scene Arrival Minutes,99,Unknown,99,Unknown EMS Hospital Arrival Time,1
45,South Carolina,450393,0,0,2,2,0,2,2,15,BERKELEY (15),0,NOT APPLICABLE,6,June,7,7,3,Tuesday,2022,9,9:00am-9:59am,5,5,SR-27 OLD GILLIARD RD,NA,3,State Highway,1,Rural,5,Major Collector,1,State Highway Agency,0,This section IS NOT on the NHS,0,No Special Jurisdiction,16,16,33.15119722,33.15119722,-80.30623889,-80.30623889,12,Motor Vehicle In-Transport,8,Sideswipe - Opposite Direction,0,No,1,Non-Junction,1,Not an Intersection,1,On Roadway,0,None,1,Daylight,1,Clear,0,No,0000000,Not Applicable,99,Unknown,98,Unknown if Notified,99,Unknown EMS Scene Arrival Hour,98,Unknown if Arrived,88,Not Applicable (Not Transported),88,Not Applicable (Not Transported),1
45,South Carolina,450394,0,0,1,1,0,2,2,89,WILLIAMSBURG (89),0,NOT APPLICABLE,6,June,8,8,4,Wednesday,2022,10,10:00am-10:59am,22,22,SR-118 BARTELLS RD,NA,3,State Highway,1,Rural,5,Major Collector,1,State Highway Agency,0,This section IS NOT on the NHS,0,No Special Jurisdiction,24,24,33.75615833,33.75615833,-79.58151111,-79.58151111,34,Ditch,0,The First Harmful Event was Not a Collision with a Motor Vehicle in Transport,0,No,1,Non-Junction,1,Not an Intersection,4,On Roadside,0,None,1,Daylight,1,Clear,0,No,0000000,Not Applicable,99,Unknown,99,Unknown,99,Unknown EMS Scene Arrival Hour,99,Unknown EMS Scene Arrival Minutes,99,Unknown,99,Unknown EMS Hospital Arrival Time,1
45,South Carolina,450395,0,0,2,2,0,2,2,91,YORK (91),0,NOT APPLICABLE,6,June,8,8,4,Wednesday,2022,21,9:00pm-9:59pm,40,40,SR-55 HWY 55,NA,3,State Highway,1,Rural,4,Minor Arterial,1,State Highway Agency,0,This section IS NOT on the NHS,0,No Special Jurisdiction,95,95,35.12611944,35.12611944,-81.27247778,-81.27247778,12,Motor Vehicle In-Transport,6,Angle,0,No,8,Driveway Access Related,1,Not an Intersection,1,On Roadway,0,None,2,Dark - Not Lighted,1,Clear,0,No,0000000,Not Applicable,99,Unknown,99,Unknown,99,Unknown EMS Scene Arrival Hour,99,Unknown EMS Scene Arrival Minutes,99,Unknown,99,Unknown EMS Hospital Arrival Time,1
45,South Carolina,450396,0,0,2,2,0,3,3,45,GREENVILLE (45),0,NOT APPLICABLE,6,June,8,8,4,Wednesday,2022,16,4:00pm-4:59pm,30,30,SR-563 LITTLE TEXAS RD,SR-1968 CLEARVIEW RD,3,State Highway,2,Urban,5,Major Collector,1,State Highway Agency,0,This section IS NOT on the NHS,0,No Special Jurisdiction,12,12,34.96212222,34.96212222,-82.41113889,-82.41113889,12,Motor Vehicle In-Transport,6,Angle,0,No,2,Intersection,2,Four-Way Intersection,1,On Roadway,0,None,1,Daylight,1,Clear,0,No,0000000,Not Applicable,99,Unknown,99,Unknown,99,Unknown EMS Scene Arrival Hour,99,Unknown EMS Scene Arrival Minutes,99,Unknown,99,Unknown EMS Hospital Arrival Time,1
45,South Carolina,450397,0,0,1,1,0,2,2,7,ANDERSON (7),0,NOT APPLICABLE,6,June,8,8,4,Wednesday,2022,22,10:00pm-10:59pm,15,15,SR-88 OLD GREENVILLE HWY,NA,3,State Highway,1,Rural,5,Major Collector,1,State Highway Agency,0,This section IS NOT on the NHS,0,No Special Jurisdiction,133,133,34.71506111,34.71506111,-82.59056944,-82.59056944,1,Rollover/Overturn,0,The First Harmful Event was Not a Collision with a Motor Vehicle in Transport,0,No,1,Non-Junction,1,Not an Intersection,1,On Roadway,0,None,6,Dark - Unknown Lighting,10,Cloudy,0,No,0000000,Not Applicable,99,Unknown,99,Unknown,99,Unknown EMS Scene Arrival Hour,99,Unknown EMS Scene Arrival Minutes,99,Unknown,99,Unknown EMS Hospital Arrival Time,1
45,South Carolina,450398,0,0,2,2,0,4,4,41,FLORENCE (41),870,FLORENCE,6,June,8,8,4,Wednesday,2022,21,9:00pm-9:59pm,10,10,US-76 PALMETTO STREET,US-52 S IRBY STREET,2,US Highway,2,Urban,3,Principal Arterial - Other,1,State Highway Agency,1,This section IS ON the NHS,0,No Special Jurisdiction,257,257,34.19368056,34.19368056,-79.76791944,-79.76791944,12,Motor Vehicle In-Transport,6,Angle,0,No,2,Intersection,2,Four-Way Intersection,1,On Roadway,0,None,3,Dark - Lighted,1,Clear,0,No,0000000,Not Applicable,99,Unknown,99,Unknown,99,Unknown EMS Scene Arrival Hour,99,Unknown EMS Scene Arrival Minutes,99,Unknown,99,Unknown EMS Hospital Arrival Time,1
45,South Carolina,450399,0,0,2,2,0,2,2,83,SPARTANBURG (83),0,NOT APPLICABLE,6,June,8,8,4,Wednesday,2022,16,4:00pm-4:59pm,55,55,SR-101 HWY 101,CR-SNOW RD,3,State Highway,1,Rural,4,Minor Arterial,1,State Highway Agency,0,This section IS NOT on the NHS,0,No Special Jurisdiction,146,146,34.85862222,34.85862222,-82.14478056,-82.14478056,12,Motor Vehicle In-Transport,6,Angle,0,No,2,Intersection,3,T-Intersection,1,On Roadway,0,None,1,Daylight,1,Clear,0,No,0000000,Not Applicable,99,Unknown,99,Unknown,99,Unknown EMS Scene Arrival Hour,99,Unknown EMS Scene Arrival Minutes,99,Unknown,99,Unknown EMS Hospital Arrival Time,1
45,South Carolina,450400,1,1,1,1,0,1,1,19,CHARLESTON (19),85,AWENDAW,6,June,9,9,5,Thursday,2022,21,9:00pm-9:59pm,24,24,US-17 HWY 17,NA,2,US Highway,1,Rural,3,Principal Arterial - Other,1,State Highway Agency,1,This section IS ON the NHS,0,No Special Jurisdiction,488,488,32.9251,32.9251,-79.71466944,-79.71466944,8,Pedestrian,0,The First Harmful Event was Not a Collision with a Motor Vehicle in Transport,0,No,1,Non-Junction,1,Not an Intersection,1,On Roadway,0,None,2,Dark - Not Lighted,1,Clear,0,No,0000000,Not Applicable,99,Unknown,99,Unknown,99,Unknown EMS Scene Arrival Hour,99,Unknown EMS Scene Arrival Minutes,99,Unknown,99,Unknown EMS Hospital Arrival Time,1
45,South Carolina,450401,0,0,2,2,0,2,2,53,JASPER (53),1080,HARDEEVILLE,5,May,30,30,2,Monday,2022,22,10:00pm-10:59pm,27,27,SR-315 S OKATIE HWY,NA,3,State Highway,1,Rural,5,Major Collector,1,State Highway Agency,0,This section IS NOT on the NHS,0,No Special Jurisdiction,6,6,32.15885,32.15885,-81.04808056,-81.04808056,12,Motor Vehicle In-Transport,2,Front-to-Front,0,No,1,Non-Junction,1,Not an Intersection,1,On Roadway,0,None,2,Dark - Not Lighted,1,Clear,0,No,0000000,Not Applicable,99,Unknown,99,Unknown,99,Unknown EMS Scene Arrival Hour,99,Unknown EMS Scene Arrival Minutes,99,Unknown,99,Unknown EMS Hospital Arrival Time,1
45,South Carolina,450402,1,1,1,1,0,1,1,19,CHARLESTON (19),1805,NORTH CHARLESTON,6,June,9,9,5,Thursday,2022,14,2:00pm-2:59pm,45,45,SR-642,CR- OSCAR JOHNSON DRIVE,3,State Highway,2,Urban,3,Principal Arterial - Other,1,State Highway Agency,0,This section IS NOT on the NHS,0,No Special Jurisdiction,60,60,32.8543,32.8543,-80.0171,-80.0171,8,Pedestrian,0,The First Harmful Event was Not a Collision with a Motor Vehicle in Transport,0,No,3,Intersection-Related,3,T-Intersection,1,On Roadway,0,None,1,Daylight,2,Rain,0,No,0000000,Not Applicable,99,Unknown,99,Unknown,99,Unknown EMS Scene Arrival Hour,99,Unknown EMS Scene Arrival Minutes,99,Unknown,99,Unknown EMS Hospital Arrival Time,1
45,South Carolina,450403,0,0,1,1,0,1,1,45,GREENVILLE (45),1040,GREENVILLE,6,June,9,9,5,Thursday,2022,0,0:00am-0:59am,50,50,US-276,NA,2,US Highway,2,Urban,3,Principal Arterial - Other,1,State Highway Agency,1,This section IS ON the NHS,0,No Special Jurisdiction,367,367,34.84052222,34.84052222,-82.35786111,-82.35786111,33,Curb,0,The First Harmful Event was Not a Collision with a Motor Vehicle in Transport,0,No,1,Non-Junction,1,Not an Intersection,4,On Roadside,0,None,2,Dark - Not Lighted,10,Cloudy,0,No,0000000,Not Applicable,99,Unknown,99,Unknown,99,Unknown EMS Scene Arrival Hour,99,Unknown EMS Scene Arrival Minutes,99,Unknown,99,Unknown EMS Hospital Arrival Time,1
45,South Carolina,450404,0,0,2,2,0,2,2,27,CLARENDON (27),0,NOT APPLICABLE,6,June,9,9,5,Thursday,2022,14,2:00pm-2:59pm,0,0,US-301 ALEX HARVIN HWY,SR-14 REV J W CARTER RD,2,US Highway,1,Rural,3,Principal Arterial - Other,1,State Highway Agency,1,This section IS ON the NHS,0,No Special Jurisdiction,142,142,33.64053889,33.64053889,-80.29144444,-80.29144444,12,Motor Vehicle In-Transport,6,Angle,0,No,2,Intersection,2,Four-Way Intersection,1,On Roadway,0,None,1,Daylight,1,Clear,0,No,0000000,Not Applicable,99,Unknown,99,Unknown,99,Unknown EMS Scene Arrival Hour,99,Unknown EMS Scene Arrival Minutes,99,Unknown,99,Unknown EMS Hospital Arrival Time,1
45,South Carolina,450405,0,0,2,2,0,3,3,63,LEXINGTON (63),0,NOT APPLICABLE,6,June,10,10,6,Friday,2022,11,11:00am-11:59am,7,7,US-378,NA,2,US Highway,1,Rural,3,Principal Arterial - Other,1,State Highway Agency,1,This section IS ON the NHS,0,No Special Jurisdiction,19,19,34.02220556,34.02220556,-81.45379444,-81.45379444,12,Motor Vehicle In-Transport,2,Front-to-Front,0,No,1,Non-Junction,1,Not an Intersection,1,On Roadway,0,None,1,Daylight,1,Clear,0,No,0000000,Not Applicable,99,Unknown,99,Unknown,99,Unknown EMS Scene Arrival Hour,99,Unknown EMS Scene Arrival Minutes,99,Unknown,99,Unknown EMS Hospital Arrival Time,1
45,South Carolina,450406,0,0,1,1,0,1,1,71,NEWBERRY (71),0,NOT APPLICABLE,6,June,10,10,6,Friday,2022,12,12:00pm-12:59pm,41,41,US-176,NA,2,US Highway,1,Rural,3,Principal Arterial - Other,1,State Highway Agency,1,This section IS ON the NHS,0,No Special Jurisdiction,151,151,34.33043889,34.33043889,-81.49517778,-81.49517778,34,Ditch,0,The First Harmful Event was Not a Collision with a Motor Vehicle in Transport,0,No,1,Non-Junction,1,Not an Intersection,4,On Roadside,0,None,1,Daylight,1,Clear,0,No,0000000,Not Applicable,99,Unknown,98,Unknown if Notified,99,Unknown EMS Scene Arrival Hour,98,Unknown if Arrived,88,Not Applicable (Not Transported),88,Not Applicable (Not Transported),1
45,South Carolina,450407,0,0,1,1,0,1,1,7,ANDERSON (7),0,NOT APPLICABLE,6,June,10,10,6,Friday,2022,20,8:00pm-8:59pm,20,20,SR-162 LAFRANCE RD,NA,3,State Highway,1,Rural,5,Major Collector,1,State Highway Agency,0,This section IS NOT on the NHS,0,No Special Jurisdiction,19,19,34.6097,34.6097,-82.76815833,-82.76815833,34,Ditch,0,The First Harmful Event was Not a Collision with a Motor Vehicle in Transport,0,No,1,Non-Junction,1,Not an Intersection,4,On Roadside,0,None,1,Daylight,1,Clear,0,No,0000000,Not Applicable,99,Unknown,99,Unknown,99,Unknown EMS Scene Arrival Hour,99,Unknown EMS Scene Arrival Minutes,99,Unknown,99,Unknown EMS Hospital Arrival Time,1
45,South Carolina,450408,0,0,2,2,0,3,3,25,CHESTERFIELD (25),0,NOT APPLICABLE,6,June,10,10,6,Friday,2022,22,10:00pm-10:59pm,45,45,US-1 HWY 1,SR-268 OLD CREEK RD,2,US Highway,1,Rural,3,Principal Arterial - Other,1,State Highway Agency,1,This section IS ON the NHS,0,No Special Jurisdiction,10,10,34.43298611,34.43298611,-80.30429722,-80.30429722,12,Motor Vehicle In-Transport,6,Angle,0,No,2,Intersection,2,Four-Way Intersection,1,On Roadway,0,None,2,Dark - Not Lighted,1,Clear,0,No,0000000,Not Applicable,99,Unknown,99,Unknown,99,Unknown EMS Scene Arrival Hour,99,Unknown EMS Scene Arrival Minutes,99,Unknown,99,Unknown EMS Hospital Arrival Time,1
45,South Carolina,450409,0,0,1,1,0,1,1,31,DARLINGTON (31),0,NOT APPLICABLE,6,June,11,11,7,Saturday,2022,9,9:00am-9:59am,30,30,SR-20 RUBY RD,NA,3,State Highway,1,Rural,5,Major Collector,1,State Highway Agency,0,This section IS NOT on the NHS,0,No Special Jurisdiction,12,12,34.44674722,34.44674722,-80.09366111,-80.09366111,34,Ditch,0,The First Harmful Event was Not a Collision with a Motor Vehicle in Transport,0,No,1,Non-Junction,1,Not an Intersection,4,On Roadside,0,None,1,Daylight,10,Cloudy,0,No,0000000,Not Applicable,99,Unknown,99,Unknown,99,Unknown EMS Scene Arrival Hour,99,Unknown EMS Scene Arrival Minutes,99,Unknown,99,Unknown EMS Hospital Arrival Time,1
45,South Carolina,450410,0,0,2,2,0,4,4,3,AIKEN (3),0,NOT APPLICABLE,6,June,11,11,7,Saturday,2022,20,8:00pm-8:59pm,4,4,SR-125 ATOMIC RD,NA,3,State Highway,2,Urban,4,Minor Arterial,1,State Highway Agency,0,This section IS NOT on the NHS,0,No Special Jurisdiction,24,24,33.48954444,33.48954444,-81.92038611,-81.92038611,12,Motor Vehicle In-Transport,6,Angle,1,Yes,5,Entrance/Exit Ramp Related,1,Not an Intersection,1,On Roadway,0,None,1,Daylight,1,Clear,0,No,0000000,Not Applicable,99,Unknown,98,Unknown if Notified,99,Unknown EMS Scene Arrival Hour,98,Unknown if Arrived,88,Not Applicable (Not Transported),88,Not Applicable (Not Transported),1
45,South Carolina,450411,0,0,1,1,0,3,3,79,RICHLAND (79),0,NOT APPLICABLE,6,June,11,11,7,Saturday,2022,21,9:00pm-9:59pm,0,0,SR-217 KENNERLY RD,NA,3,State Highway,1,Rural,5,Major Collector,1,State Highway Agency,0,This section IS NOT on the NHS,0,No Special Jurisdiction,64,64,34.15256944,34.15256944,-81.17340278,-81.17340278,43,Other Fixed Object,0,The First Harmful Event was Not a Collision with a Motor Vehicle in Transport,0,No,1,Non-Junction,1,Not an Intersection,4,On Roadside,0,None,6,Dark - Unknown Lighting,1,Clear,0,No,0000000,Not Applicable,99,Unknown,99,Unknown,99,Unknown EMS Scene Arrival Hour,99,Unknown EMS Scene Arrival Minutes,99,Unknown,99,Unknown EMS Hospital Arrival Time,1
45,South Carolina,450412,0,0,1,1,0,1,1,83,SPARTANBURG (83),0,NOT APPLICABLE,6,June,11,11,7,Saturday,2022,23,11:00pm-11:59pm,5,5,SR-62 DUNCAN REIDVILLE RD,NA,3,State Highway,2,Urban,5,Major Collector,1,State Highway Agency,0,This section IS NOT on the NHS,0,No Special Jurisdiction,106,106,34.88511944,34.88511944,-82.12779722,-82.12779722,1,Rollover/Overturn,0,The First Harmful Event was Not a Collision with a Motor Vehicle in Transport,0,No,1,Non-Junction,1,Not an Intersection,1,On Roadway,0,None,2,Dark - Not Lighted,1,Clear,0,No,0000000,Not Applicable,99,Unknown,99,Unknown,99,Unknown EMS Scene Arrival Hour,99,Unknown EMS Scene Arrival Minutes,99,Unknown,99,Unknown EMS Hospital Arrival Time,1
45,South Carolina,450413,0,0,1,1,0,1,1,85,SUMTER (85),0,NOT APPLICABLE,6,June,12,12,1,Sunday,2022,2,2:00am-2:59am,3,3,US-521 THOMAS SUMTER HWY,NA,2,US Highway,2,Urban,3,Principal Arterial - Other,1,State Highway Agency,1,This section IS ON the NHS,0,No Special Jurisdiction,154,154,33.97704444,33.97704444,-80.40065,-80.40065,53,Mail Box,0,The First Harmful Event was Not a Collision with a Motor Vehicle in Transport,0,No,1,Non-Junction,1,Not an Intersection,4,On Roadside,0,None,3,Dark - Lighted,1,Clear,0,No,0000000,Not Applicable,99,Unknown,98,Unknown if Notified,99,Unknown EMS Scene Arrival Hour,98,Unknown if Arrived,88,Not Applicable (Not Transported),88,Not Applicable (Not Transported),1
45,South Carolina,450414,0,0,2,2,0,4,4,83,SPARTANBURG (83),580,COWPENS,6,June,12,12,1,Sunday,2022,16,4:00pm-4:59pm,55,55,US-29 N MAIN STREET,NA,2,US Highway,2,Urban,3,Principal Arterial - Other,1,State Highway Agency,1,This section IS ON the NHS,0,No Special Jurisdiction,274,274,35.0227,35.0227,-81.79633056,-81.79633056,12,Motor Vehicle In-Transport,2,Front-to-Front,0,No,1,Non-Junction,1,Not an Intersection,1,On Roadway,0,None,1,Daylight,1,Clear,0,No,0000000,Not Applicable,99,Unknown,99,Unknown,99,Unknown EMS Scene Arrival Hour,99,Unknown EMS Scene Arrival Minutes,99,Unknown,99,Unknown EMS Hospital Arrival Time,1
45,South Carolina,450415,0,0,2,2,0,2,2,73,OCONEE (73),0,NOT APPLICABLE,6,June,12,12,1,Sunday,2022,13,1:00pm-1:59pm,20,20,SR-28 BLUE RIDGE BLVD,SR-3 WEST UNION RD,3,State Highway,2,Urban,4,Minor Arterial,1,State Highway Agency,0,This section IS NOT on the NHS,0,No Special Jurisdiction,110,110,34.73605,34.73605,-83.03068056,-83.03068056,12,Motor Vehicle In-Transport,6,Angle,0,No,2,Intersection,3,T-Intersection,1,On Roadway,0,None,1,Daylight,1,Clear,0,No,0000000,Not Applicable,99,Unknown,99,Unknown,99,Unknown EMS Scene Arrival Hour,99,Unknown EMS Scene Arrival Minutes,99,Unknown,99,Unknown EMS Hospital Arrival Time,1
45,South Carolina,450416,0,0,2,2,0,2,2,75,ORANGEBURG (75),0,NOT APPLICABLE,6,June,13,13,2,Monday,2022,2,2:00am-2:59am,25,25,I-26,NA,1,Interstate,1,Rural,1,Interstate,1,State Highway Agency,1,This section IS ON the NHS,0,No Special Jurisdiction,1478,1478,33.53379722,33.53379722,-80.80343889,-80.80343889,12,Motor Vehicle In-Transport,1,Front-to-Rear,0,No,1,Non-Junction,1,Not an Intersection,1,On Roadway,0,None,2,Dark - Not Lighted,1,Clear,0,No,0000000,Not Applicable,99,Unknown,98,Unknown if Notified,99,Unknown EMS Scene Arrival Hour,98,Unknown if Arrived,88,Not Applicable (Not Transported),88,Not Applicable (Not Transported),1
45,South Carolina,450417,0,0,1,1,0,1,1,3,AIKEN (3),0,NOT APPLICABLE,6,June,13,13,2,Monday,2022,12,12:00pm-12:59pm,40,40,SR-19 EDGEFIELD HWY,NA,3,State Highway,2,Urban,3,Principal Arterial - Other,1,State Highway Agency,0,This section IS NOT on the NHS,0,No Special Jurisdiction,176,176,33.62854444,33.62854444,-81.73425556,-81.73425556,42,Tree (Standing Only),0,The First Harmful Event was Not a Collision with a Motor Vehicle in Transport,0,No,1,Non-Junction,1,Not an Intersection,4,On Roadside,0,None,1,Daylight,1,Clear,0,No,0000000,Not Applicable,99,Unknown,98,Unknown if Notified,99,Unknown EMS Scene Arrival Hour,98,Unknown if Arrived,88,Not Applicable (Not Transported),88,Not Applicable (Not Transported),1
45,South Carolina,450418,1,1,1,1,0,1,1,7,ANDERSON (7),0,NOT APPLICABLE,6,June,13,13,2,Monday,2022,5,5:00am-5:59am,38,38,SR-77 BEAVERDAM RD,NA,3,State Highway,2,Urban,5,Major Collector,1,State Highway Agency,0,This section IS NOT on the NHS,0,No Special Jurisdiction,19,19,34.61773889,34.61773889,-82.51028056,-82.51028056,9,Pedalcyclist,0,The First Harmful Event was Not a Collision with a Motor Vehicle in Transport,0,No,1,Non-Junction,1,Not an Intersection,1,On Roadway,0,None,2,Dark - Not Lighted,1,Clear,0,No,0000000,Not Applicable,99,Unknown,99,Unknown,99,Unknown EMS Scene Arrival Hour,99,Unknown EMS Scene Arrival Minutes,99,Unknown,99,Unknown EMS Hospital Arrival Time,1
45,South Carolina,450419,0,0,2,2,0,4,4,83,SPARTANBURG (83),2460,SPARTANBURG,6,June,13,13,2,Monday,2022,12,12:00pm-12:59pm,54,54,CR- FARLEY AVE,NA,4,County Road,2,Urban,7,Local,2,County Highway Agency,0,This section IS NOT on the NHS,0,No Special Jurisdiction,0,None,34.95178889,34.95178889,-81.94476667,-81.94476667,12,Motor Vehicle In-Transport,6,Angle,0,No,8,Driveway Access Related,1,Not an Intersection,1,On Roadway,0,None,1,Daylight,1,Clear,0,No,0000000,Not Applicable,99,Unknown,98,Unknown if Notified,99,Unknown EMS Scene Arrival Hour,98,Unknown if Arrived,88,Not Applicable (Not Transported),88,Not Applicable (Not Transported),1
45,South Carolina,450420,0,0,2,2,0,3,3,47,GREENWOOD (47),0,NOT APPLICABLE,6,June,14,14,3,Tuesday,2022,21,9:00pm-9:59pm,54,54,US-25,SR-50 BLYTH RD,2,US Highway,2,Urban,3,Principal Arterial - Other,1,State Highway Agency,1,This section IS ON the NHS,0,No Special Jurisdiction,3,3,34.15873056,34.15873056,-82.14031111,-82.14031111,12,Motor Vehicle In-Transport,2,Front-to-Front,0,No,2,Intersection,7,"Five Point, or More",1,On Roadway,0,None,3,Dark - Lighted,1,Clear,0,No,0000000,Not Applicable,99,Unknown,99,Unknown,99,Unknown EMS Scene Arrival Hour,99,Unknown EMS Scene Arrival Minutes,99,Unknown,99,Unknown EMS Hospital Arrival Time,1
45,South Carolina,450421,0,0,2,2,0,3,3,19,CHARLESTON (19),1805,NORTH CHARLESTON,6,June,14,14,3,Tuesday,2022,18,6:00pm-6:59pm,37,37,US-52 RIVERS AVE,CR- GREENBRIDGE RD,2,US Highway,2,Urban,3,Principal Arterial - Other,1,State Highway Agency,1,This section IS ON the NHS,0,No Special Jurisdiction,130,130,32.95646111,32.95646111,-80.04288056,-80.04288056,12,Motor Vehicle In-Transport,6,Angle,0,No,2,Intersection,3,T-Intersection,1,On Roadway,0,None,5,Dusk,10,Cloudy,0,No,0000000,Not Applicable,99,Unknown,99,Unknown,99,Unknown EMS Scene Arrival Hour,99,Unknown EMS Scene Arrival Minutes,99,Unknown,99,Unknown EMS Hospital Arrival Time,1
45,South Carolina,450422,0,0,1,1,0,1,1,25,CHESTERFIELD (25),0,NOT APPLICABLE,6,June,13,13,2,Monday,2022,11,11:00am-11:59am,50,50,SR-9 HWY 9,NA,3,State Highway,1,Rural,3,Principal Arterial - Other,1,State Highway Agency,0,This section IS NOT on the NHS,0,No Special Jurisdiction,14,14,34.74849444,34.74849444,-80.49844722,-80.49844722,34,Ditch,0,The First Harmful Event was Not a Collision with a Motor Vehicle in Transport,0,No,1,Non-Junction,1,Not an Intersection,4,On Roadside,0,None,1,Daylight,1,Clear,0,No,0000000,Not Applicable,99,Unknown,98,Unknown if Notified,99,Unknown EMS Scene Arrival Hour,98,Unknown if Arrived,88,Not Applicable (Not Transported),88,Not Applicable (Not Transported),1
45,South Carolina,450423,0,0,1,1,0,1,1,7,ANDERSON (7),0,NOT APPLICABLE,6,June,14,14,3,Tuesday,2022,15,3:00pm-3:59pm,30,30,SR-475 KEYS STREET,NA,3,State Highway,2,Urban,5,Major Collector,1,State Highway Agency,0,This section IS NOT on the NHS,0,No Special Jurisdiction,17,17,34.44838889,34.44838889,-82.64677222,-82.64677222,1,Rollover/Overturn,0,The First Harmful Event was Not a Collision with a Motor Vehicle in Transport,0,No,1,Non-Junction,1,Not an Intersection,4,On Roadside,0,None,1,Daylight,1,Clear,0,No,0000000,Not Applicable,99,Unknown,99,Unknown,99,Unknown EMS Scene Arrival Hour,99,Unknown EMS Scene Arrival Minutes,99,Unknown,99,Unknown EMS Hospital Arrival Time,1
45,South Carolina,450424,0,0,2,2,0,3,3,83,SPARTANBURG (83),0,NOT APPLICABLE,6,June,15,15,4,Wednesday,2022,5,5:00am-5:59am,40,40,SR-11 HWY 11,NA,3,State Highway,1,Rural,4,Minor Arterial,1,State Highway Agency,0,This section IS NOT on the NHS,0,No Special Jurisdiction,188,188,35.15860278,35.15860278,-81.92374444,-81.92374444,12,Motor Vehicle In-Transport,1,Front-to-Rear,0,No,1,Non-Junction,1,Not an Intersection,1,On Roadway,0,None,2,Dark - Not Lighted,1,Clear,0,No,0000000,Not Applicable,99,Unknown,99,Unknown,99,Unknown EMS Scene Arrival Hour,99,Unknown EMS Scene Arrival Minutes,99,Unknown,99,Unknown EMS Hospital Arrival Time,2
45,South Carolina,450425,0,0,1,1,0,2,2,83,SPARTANBURG (83),0,NOT APPLICABLE,6,June,15,15,4,Wednesday,2022,8,8:00am-8:59am,20,20,SR-31 CANNON CAMPGROUND RD,NA,3,State Highway,2,Urban,5,Major Collector,1,State Highway Agency,0,This section IS NOT on the NHS,0,No Special Jurisdiction,15,15,35.03555833,35.03555833,-81.80788889,-81.80788889,42,Tree (Standing Only),0,The First Harmful Event was Not a Collision with a Motor Vehicle in Transport,0,No,1,Non-Junction,1,Not an Intersection,4,On Roadside,0,None,1,Daylight,1,Clear,0,No,0000000,Not Applicable,99,Unknown,99,Unknown,99,Unknown EMS Scene Arrival Hour,99,Unknown EMS Scene Arrival Minutes,99,Unknown,99,Unknown EMS Hospital Arrival Time,1