STATE,STATENAME,ST_CASE,PEDS,PERNOTMVIT,VE_TOTAL,VE_FORMS,PVH_INVL,PERSONS,PERMVIT,COUNTY,COUNTYNAME,CITY,CITYNAME,MONTH,MONTHNAME,DAY,DAYNAME,DAY_WEEK,DAY_WEEKNAME,YEAR,HOUR,HOURNAME,MINUTE,MINUTENAME,TWAY_ID,TWAY_ID2,ROUTE,ROUTENAME,RUR_URB,RUR_URBNAME,FUNC_SYS,FUNC_SYSNAME,RD_OWNER,RD_OWNERNAME,NHS,NHSNAME,SP_JUR,SP_JURNAME,MILEPT,MILEPTNAME,LATITUDE,LATITUDENAME,LONGITUD,LONGITUDNAME,HARM_EV,HARM_EVNAME,MAN_COLL,MAN_COLLNAME,RELJCT1,RELJCT1NAME,RELJCT2,RELJCT2NAME,TYP_INT,TYP_INTNAME,REL_ROAD,REL_ROADNAME,WRK_ZONE,WRK_ZONENAME,LGT_COND,LGT_CONDNAME,WEATHER,WEATHERNAME,SCH_BUS,SCH_BUSNAME,RAIL,RAILNAME,NOT_HOUR,NOT_HOURNAME,NOT_MIN,NOT_MINNAME,ARR_HOUR,ARR_HOURNAME,ARR_MIN,ARR_MINNAME,HOSP_HR,HOSP_HRNAME,HOSP_MN,HOSP_MNNAME,FATALS
45,South Carolina,450607,0,0,3,3,0,5,5,89,WILLIAMSBURG (89),0,NOT APPLICABLE,8,August,17,17,4,Wednesday,2022,20,8:00pm-8:59pm,50,50,SR-527 SUMTER HWY,NA,3,State Highway,1,Rural,4,Minor Arterial,1,State Highway Agency,0,This section IS NOT on the NHS,0,No Special Jurisdiction,75,75,33.70816389,33.70816389,-79.87153889,-79.87153889,12,Motor Vehicle In-Transport,1,Front-to-Rear,0,No,1,Non-Junction,1,Not an Intersection,1,On Roadway,0,None,2,Dark - Not Lighted,1,Clear,0,No,0000000,Not Applicable,99,Unknown,99,Unknown,99,Unknown EMS Scene Arrival Hour,99,Unknown EMS Scene Arrival Minutes,99,Unknown,99,Unknown EMS Hospital Arrival Time,1
45,South Carolina,450608,0,0,1,1,0,1,1,41,FLORENCE (41),0,NOT APPLICABLE,8,August,17,17,4,Wednesday,2022,22,10:00pm-10:59pm,24,24,US-52,NA,2,US Highway,2,Urban,3,Principal Arterial - Other,1,State Highway Agency,1,This section IS ON the NHS,0,No Special Jurisdiction,57,57,33.91623333,33.91623333,-79.74571944,-79.74571944,19,Building,0,The First Harmful Event was Not a Collision with a Motor Vehicle in Transport,0,No,1,Non-Junction,1,Not an Intersection,4,On Roadside,0,None,3,Dark - Lighted,1,Clear,0,No,0000000,Not Applicable,99,Unknown,98,Unknown if Notified,99,Unknown EMS Scene Arrival Hour,98,Unknown if Arrived,88,Not Applicable (Not Transported),88,Not Applicable (Not Transported),1
45,South Carolina,450609,0,0,1,1,0,1,1,21,CHEROKEE (21),0,NOT APPLICABLE,8,August,18,18,5,Thursday,2022,21,9:00pm-9:59pm,26,26,SR-150 BOILING SPRINGS HWY,NA,3,State Highway,1,Rural,5,Major Collector,1,State Highway Agency,0,This section IS NOT on the NHS,0,No Special Jurisdiction,148,148,35.11126667,35.11126667,-81.65040833,-81.65040833,35,Embankment,0,The First Harmful Event was Not a Collision with a Motor Vehicle in Transport,0,No,1,Non-Junction,1,Not an Intersection,4,On Roadside,0,None,6,Dark - Unknown Lighting,1,Clear,0,No,0000000,Not Applicable,99,Unknown,98,Unknown if Notified,99,Unknown EMS Scene Arrival Hour,98,Unknown if Arrived,88,Not Applicable (Not Transported),88,Not Applicable (Not Transported),1
45,South Carolina,450610,0,0,2,2,0,2,2,85,SUMTER (85),2550,SUMTER,8,August,18,18,5,Thursday,2022,23,11:00pm-11:59pm,41,41,US-76 BROAD STREET,US-521 BULTMAN DRIVE,2,US Highway,2,Urban,3,Principal Arterial - Other,1,State Highway Agency,1,This section IS ON the NHS,0,No Special Jurisdiction,11,11,33.94521667,33.94521667,-80.37241111,-80.37241111,12,Motor Vehicle In-Transport,6,Angle,0,No,2,Intersection,2,Four-Way Intersection,1,On Roadway,0,None,6,Dark - Unknown Lighting,1,Clear,0,No,0000000,Not Applicable,99,Unknown,98,Unknown if Notified,99,Unknown EMS Scene Arrival Hour,98,Unknown if Arrived,88,Not Applicable (Not Transported),88,Not Applicable (Not Transported),1
45,South Carolina,450611,0,0,1,1,0,1,1,39,FAIRFIELD (39),0,NOT APPLICABLE,8,August,18,18,5,Thursday,2022,22,10:00pm-10:59pm,31,31,SR-269 HWY 269,NA,3,State Highway,1,Rural,5,Major Collector,1,State Highway Agency,0,This section IS NOT on the NHS,0,No Special Jurisdiction,91,91,34.32080556,34.32080556,-81.09666111,-81.09666111,1,Rollover/Overturn,0,The First Harmful Event was Not a Collision with a Motor Vehicle in Transport,0,No,1,Non-Junction,1,Not an Intersection,4,On Roadside,0,None,2,Dark - Not Lighted,1,Clear,0,No,0000000,Not Applicable,99,Unknown,98,Unknown if Notified,99,Unknown EMS Scene Arrival Hour,98,Unknown if Arrived,88,Not Applicable (Not Transported),88,Not Applicable (Not Transported),1
45,South Carolina,450612,0,0,1,1,0,1,1,85,SUMTER (85),0,NOT APPLICABLE,8,August,19,19,6,Friday,2022,1,1:00am-1:59am,30,30,US-378 MYRTLE BEACH HWY,NA,2,US Highway,2,Urban,3,Principal Arterial - Other,1,State Highway Agency,1,This section IS ON the NHS,0,No Special Jurisdiction,224,224,33.91650278,33.91650278,-80.28176389,-80.28176389,34,Ditch,0,The First Harmful Event was Not a Collision with a Motor Vehicle in Transport,0,No,1,Non-Junction,1,Not an Intersection,4,On Roadside,0,None,2,Dark - Not Lighted,2,Rain,0,No,0000000,Not Applicable,99,Unknown,99,Unknown,99,Unknown EMS Scene Arrival Hour,99,Unknown EMS Scene Arrival Minutes,99,Unknown,99,Unknown EMS Hospital Arrival Time,1
45,South Carolina,450613,0,0,2,2,0,3,3,63,LEXINGTON (63),1980,PELION,8,August,19,19,6,Friday,2022,19,7:00pm-7:59pm,35,35,SR-625 OLD CHARLESTON RD,NA,3,State Highway,1,Rural,5,Major Collector,1,State Highway Agency,0,This section IS NOT on the NHS,0,No Special Jurisdiction,9,9,33.79569444,33.79569444,-81.25781944,-81.25781944,12,Motor Vehicle In-Transport,2,Front-to-Front,0,No,1,Non-Junction,1,Not an Intersection,4,On Roadside,0,None,1,Daylight,10,Cloudy,0,No,0000000,Not Applicable,99,Unknown,99,Unknown,99,Unknown EMS Scene Arrival Hour,99,Unknown EMS Scene Arrival Minutes,99,Unknown,99,Unknown EMS Hospital Arrival Time,1
45,South Carolina,450614,1,1,1,1,0,1,1,59,LAURENS (59),0,NOT APPLICABLE,8,August,20,20,7,Saturday,2022,22,10:00pm-10:59pm,41,41,SR-49,NA,3,State Highway,2,Urban,6,Minor Collector,1,State Highway Agency,0,This section IS NOT on the NHS,0,No Special Jurisdiction,6,6,34.52571944,34.52571944,-81.98981944,-81.98981944,8,Pedestrian,0,The First Harmful Event was Not a Collision with a Motor Vehicle in Transport,0,No,1,Non-Junction,1,Not an Intersection,1,On Roadway,0,None,6,Dark - Unknown Lighting,1,Clear,0,No,0000000,Not Applicable,99,Unknown,98,Unknown if Notified,99,Unknown EMS Scene Arrival Hour,98,Unknown if Arrived,88,Not Applicable (Not Transported),88,Not Applicable (Not Transported),1
45,South Carolina,450615,0,0,1,1,0,1,1,71,NEWBERRY (71),0,NOT APPLICABLE,8,August,20,20,7,Saturday,2022,23,11:00pm-11:59pm,0,0,I-26,NA,1,Interstate,1,Rural,1,Interstate,1,State Highway Agency,1,This section IS ON the NHS,0,No Special Jurisdiction,721,721,34.32707778,34.32707778,-81.60211111,-81.60211111,24,Guardrail Face,0,The First Harmful Event was Not a Collision with a Motor Vehicle in Transport,0,No,1,Non-Junction,1,Not an Intersection,4,On Roadside,0,None,2,Dark - Not Lighted,1,Clear,0,No,0000000,Not Applicable,99,Unknown,98,Unknown if Notified,99,Unknown EMS Scene Arrival Hour,98,Unknown if Arrived,88,Not Applicable (Not Transported),88,Not Applicable (Not Transported),1
45,South Carolina,450616,0,0,1,1,0,1,1,63,LEXINGTON (63),0,NOT APPLICABLE,8,August,19,19,6,Friday,2022,22,10:00pm-10:59pm,28,28,CR-NAOMI DRIVE,NA,4,County Road,1,Rural,7,Local,2,County Highway Agency,0,This section IS NOT on the NHS,0,No Special Jurisdiction,0,None,33.90839722,33.90839722,-81.370525,-81.370525,35,Embankment,0,The First Harmful Event was Not a Collision with a Motor Vehicle in Transport,0,No,1,Non-Junction,1,Not an Intersection,4,On Roadside,0,None,6,Dark - Unknown Lighting,1,Clear,0,No,0000000,Not Applicable,99,Unknown,98,Unknown if Notified,99,Unknown EMS Scene Arrival Hour,98,Unknown if Arrived,88,Not Applicable (Not Transported),88,Not Applicable (Not Transported),1
45,South Carolina,450617,0,0,1,1,0,1,1,19,CHARLESTON (19),410,CHARLESTON,7,July,24,24,1,Sunday,2022,2,2:00am-2:59am,30,30,SR-1442 BROWNSWOOD RD,NA,3,State Highway,2,Urban,5,Major Collector,1,State Highway Agency,0,This section IS NOT on the NHS,0,No Special Jurisdiction,10,10,32.73188056,32.73188056,-80.08363056,-80.08363056,42,Tree (Standing Only),0,The First Harmful Event was Not a Collision with a Motor Vehicle in Transport,0,No,1,Non-Junction,1,Not an Intersection,4,On Roadside,0,None,2,Dark - Not Lighted,1,Clear,0,No,0000000,Not Applicable,99,Unknown,98,Unknown if Notified,99,Unknown EMS Scene Arrival Hour,98,Unknown if Arrived,88,Not Applicable (Not Transported),88,Not Applicable (Not Transported),1
45,South Carolina,450618,0,0,2,2,0,2,2,83,SPARTANBURG (83),0,NOT APPLICABLE,8,August,20,20,7,Saturday,2022,19,7:00pm-7:59pm,23,23,SR-908 GAP CREEK RD,NA,3,State Highway,2,Urban,5,Major Collector,1,State Highway Agency,0,This section IS NOT on the NHS,0,No Special Jurisdiction,10,10,34.95188889,34.95188889,-82.16451111,-82.16451111,1,Rollover/Overturn,0,The First Harmful Event was Not a Collision with a Motor Vehicle in Transport,0,No,8,Driveway Access Related,1,Not an Intersection,1,On Roadway,0,None,1,Daylight,1,Clear,0,No,0000000,Not Applicable,99,Unknown,99,Unknown,99,Unknown EMS Scene Arrival Hour,99,Unknown EMS Scene Arrival Minutes,99,Unknown,99,Unknown EMS Hospital Arrival Time,1
45,South Carolina,450619,0,0,1,1,0,1,1,35,DORCHESTER (35),0,NOT APPLICABLE,8,August,21,21,1,Sunday,2022,1,1:00am-1:59am,45,45,CR-WALLACE ACKERMAN DRIVE,NA,4,County Road,2,Urban,7,Local,2,County Highway Agency,0,This section IS NOT on the NHS,0,No Special Jurisdiction,11,11,32.96543611,32.96543611,-80.12900556,-80.12900556,33,Curb,0,The First Harmful Event was Not a Collision with a Motor Vehicle in Transport,1,Yes,19,Other location within Interchange Area,1,Not an Intersection,4,On Roadside,0,None,6,Dark - Unknown Lighting,10,Cloudy,0,No,0000000,Not Applicable,99,Unknown,98,Unknown if Notified,99,Unknown EMS Scene Arrival Hour,98,Unknown if Arrived,88,Not Applicable (Not Transported),88,Not Applicable (Not Transported),1
45,South Carolina,450620,0,0,1,1,0,3,3,75,ORANGEBURG (75),0,NOT APPLICABLE,8,August,21,21,1,Sunday,2022,11,11:00am-11:59am,42,42,SR-45 BRANCHDALE HWY,NA,3,State Highway,1,Rural,5,Major Collector,1,State Highway Agency,0,This section IS NOT on the NHS,0,No Special Jurisdiction,29,29,33.38453056,33.38453056,-80.43501944,-80.43501944,42,Tree (Standing Only),0,The First Harmful Event was Not a Collision with a Motor Vehicle in Transport,0,No,1,Non-Junction,1,Not an Intersection,4,On Roadside,0,None,1,Daylight,1,Clear,0,No,0000000,Not Applicable,99,Unknown,99,Unknown,99,Unknown EMS Scene Arrival Hour,99,Unknown EMS Scene Arrival Minutes,99,Unknown,99,Unknown EMS Hospital Arrival Time,1
45,South Carolina,450621,0,0,2,2,0,3,3,45,GREENVILLE (45),0,NOT APPLICABLE,8,August,21,21,1,Sunday,2022,15,3:00pm-3:59pm,4,4,US-25 AUGUSTA RD,SR-106 PIEDMONT GOLF COURSE RD,2,US Highway,2,Urban,3,Principal Arterial - Other,1,State Highway Agency,1,This section IS ON the NHS,0,No Special Jurisdiction,177,177,34.72110278,34.72110278,-82.38755556,-82.38755556,12,Motor Vehicle In-Transport,6,Angle,0,No,2,Intersection,2,Four-Way Intersection,1,On Roadway,0,None,1,Daylight,1,Clear,0,No,0000000,Not Applicable,99,Unknown,98,Unknown if Notified,99,Unknown EMS Scene Arrival Hour,98,Unknown if Arrived,88,Not Applicable (Not Transported),88,Not Applicable (Not Transported),1
45,South Carolina,450622,0,0,2,2,0,2,2,3,AIKEN (3),0,NOT APPLICABLE,8,August,22,22,2,Monday,2022,13,1:00pm-1:59pm,0,0,SR-125 ATOMIC RD,NA,3,State Highway,1,Rural,5,Major Collector,1,State Highway Agency,0,This section IS NOT on the NHS,0,No Special Jurisdiction,217,217,33.27390278,33.27390278,-81.74297222,-81.74297222,12,Motor Vehicle In-Transport,8,Sideswipe - Opposite Direction,0,No,1,Non-Junction,1,Not an Intersection,1,On Roadway,0,None,1,Daylight,2,Rain,0,No,0000000,Not Applicable,99,Unknown,98,Unknown if Notified,99,Unknown EMS Scene Arrival Hour,98,Unknown if Arrived,88,Not Applicable (Not Transported),88,Not Applicable (Not Transported),1
45,South Carolina,450623,0,0,2,2,0,3,3,63,LEXINGTON (63),0,NOT APPLICABLE,8,August,24,24,4,Wednesday,2022,12,12:00pm-12:59pm,0,0,US-378 HWY 378,SR-236 TAYLORS COVE RD,2,US Highway,1,Rural,3,Principal Arterial - Other,1,State Highway Agency,1,This section IS ON the NHS,0,No Special Jurisdiction,76,76,34.01256389,34.01256389,-81.38208889,-81.38208889,12,Motor Vehicle In-Transport,6,Angle,0,No,2,Intersection,2,Four-Way Intersection,1,On Roadway,0,None,1,Daylight,1,Clear,0,No,0000000,Not Applicable,99,Unknown,99,Unknown,99,Unknown EMS Scene Arrival Hour,99,Unknown EMS Scene Arrival Minutes,99,Unknown,99,Unknown EMS Hospital Arrival Time,1
45,South Carolina,450624,0,0,1,1,0,2,2,85,SUMTER (85),0,NOT APPLICABLE,8,August,25,25,5,Thursday,2022,11,11:00am-11:59am,0,0,SR-92 QUEEN CHAPEL RD,NA,3,State Highway,1,Rural,5,Major Collector,1,State Highway Agency,0,This section IS NOT on the NHS,0,No Special Jurisdiction,64,64,33.98966944,33.98966944,-80.34551389,-80.34551389,35,Embankment,0,The First Harmful Event was Not a Collision with a Motor Vehicle in Transport,0,No,1,Non-Junction,1,Not an Intersection,4,On Roadside,0,None,1,Daylight,10,Cloudy,0,No,0000000,Not Applicable,99,Unknown,99,Unknown,99,Unknown EMS Scene Arrival Hour,99,Unknown EMS Scene Arrival Minutes,99,Unknown,99,Unknown EMS Hospital Arrival Time,1
45,South Carolina,450625,0,0,1,1,0,1,1,23,CHESTER (23),0,NOT APPLICABLE,8,August,25,25,5,Thursday,2022,21,9:00pm-9:59pm,20,20,SR-72 SALUDA RD,NA,3,State Highway,1,Rural,3,Principal Arterial - Other,1,State Highway Agency,0,This section IS NOT on the NHS,0,No Special Jurisdiction,229,229,34.77369444,34.77369444,-81.13378611,-81.13378611,1,Rollover/Overturn,0,The First Harmful Event was Not a Collision with a Motor Vehicle in Transport,0,No,1,Non-Junction,1,Not an Intersection,4,On Roadside,0,None,3,Dark - Lighted,1,Clear,0,No,0000000,Not Applicable,99,Unknown,99,Unknown,99,Unknown EMS Scene Arrival Hour,99,Unknown EMS Scene Arrival Minutes,99,Unknown,99,Unknown EMS Hospital Arrival Time,1
45,South Carolina,450626,0,0,2,2,0,2,2,83,SPARTANBURG (83),0,NOT APPLICABLE,8,August,26,26,6,Friday,2022,6,6:00am-6:59am,50,50,SR-9 HWY 9,CR-BIBLE CHURCH RD,3,State Highway,2,Urban,4,Minor Arterial,1,State Highway Agency,0,This section IS NOT on the NHS,0,No Special Jurisdiction,107,107,35.06222778,35.06222778,-81.99836667,-81.99836667,12,Motor Vehicle In-Transport,6,Angle,0,No,2,Intersection,2,Four-Way Intersection,1,On Roadway,0,None,1,Daylight,5,"Fog, Smog, Smoke",0,No,0000000,Not Applicable,99,Unknown,98,Unknown if Notified,99,Unknown EMS Scene Arrival Hour,98,Unknown if Arrived,88,Not Applicable (Not Transported),88,Not Applicable (Not Transported),1
45,South Carolina,450627,0,0,2,2,0,4,4,7,ANDERSON (7),0,NOT APPLICABLE,8,August,26,26,6,Friday,2022,18,6:00pm-6:59pm,50,50,US-29 HWY 29,NA,2,US Highway,1,Rural,3,Principal Arterial - Other,1,State Highway Agency,1,This section IS ON the NHS,0,No Special Jurisdiction,82,82,34.43266111,34.43266111,-82.74413056,-82.74413056,12,Motor Vehicle In-Transport,6,Angle,0,No,1,Non-Junction,1,Not an Intersection,1,On Roadway,0,None,1,Daylight,1,Clear,0,No,0000000,Not Applicable,99,Unknown,99,Unknown,99,Unknown EMS Scene Arrival Hour,99,Unknown EMS Scene Arrival Minutes,99,Unknown,99,Unknown EMS Hospital Arrival Time,1
45,South Carolina,450628,0,0,2,2,0,3,3,45,GREENVILLE (45),0,NOT APPLICABLE,8,August,27,27,7,Saturday,2022,1,1:00am-1:59am,30,30,SR-107 MAULDIN RD,NA,3,State Highway,2,Urban,6,Minor Collector,1,State Highway Agency,0,This section IS NOT on the NHS,0,No Special Jurisdiction,79,79,34.79885556,34.79885556,-82.36519722,-82.36519722,12,Motor Vehicle In-Transport,7,Sideswipe - Same Direction,0,No,1,Non-Junction,1,Not an Intersection,1,On Roadway,0,None,2,Dark - Not Lighted,1,Clear,0,No,0000000,Not Applicable,99,Unknown,99,Unknown,99,Unknown EMS Scene Arrival Hour,99,Unknown EMS Scene Arrival Minutes,99,Unknown,99,Unknown EMS Hospital Arrival Time,1
45,South Carolina,450629,1,1,1,1,0,1,1,53,JASPER (53),0,NOT APPLICABLE,8,August,27,27,7,Saturday,2022,4,4:00am-4:59am,0,0,SR-46 PLANTATION DRIVE,NA,3,State Highway,1,Rural,5,Major Collector,1,State Highway Agency,0,This section IS NOT on the NHS,0,No Special Jurisdiction,22,22,32.26755,32.26755,-81.05468056,-81.05468056,8,Pedestrian,0,The First Harmful Event was Not a Collision with a Motor Vehicle in Transport,0,No,1,Non-Junction,1,Not an Intersection,1,On Roadway,0,None,2,Dark - Not Lighted,1,Clear,0,No,0000000,Not Applicable,99,Unknown,98,Unknown if Notified,99,Unknown EMS Scene Arrival Hour,98,Unknown if Arrived,88,Not Applicable (Not Transported),88,Not Applicable (Not Transported),1
45,South Carolina,450630,0,0,2,2,0,2,2,29,COLLETON (29),0,NOT APPLICABLE,8,August,27,27,7,Saturday,2022,15,3:00pm-3:59pm,54,54,SR-64 ROBERTSON BLVD,NA,3,State Highway,2,Urban,4,Minor Arterial,1,State Highway Agency,0,This section IS NOT on the NHS,0,No Special Jurisdiction,236,236,32.91980556,32.91980556,-80.65786389,-80.65786389,12,Motor Vehicle In-Transport,2,Front-to-Front,0,No,1,Non-Junction,1,Not an Intersection,1,On Roadway,0,None,1,Daylight,1,Clear,0,No,0000000,Not Applicable,99,Unknown,98,Unknown if Notified,99,Unknown EMS Scene Arrival Hour,98,Unknown if Arrived,88,Not Applicable (Not Transported),88,Not Applicable (Not Transported),2
45,South Carolina,450631,2,2,1,1,0,2,2,87,UNION (87),0,NOT APPLICABLE,8,August,28,28,1,Sunday,2022,7,7:00am-7:59am,10,10,SR-132 WILLIFORD RD,NA,3,State Highway,1,Rural,7,Local,1,State Highway Agency,0,This section IS NOT on the NHS,0,No Special Jurisdiction,14,14,34.65795,34.65795,-81.56498333,-81.56498333,8,Pedestrian,0,The First Harmful Event was Not a Collision with a Motor Vehicle in Transport,0,No,1,Non-Junction,1,Not an Intersection,1,On Roadway,0,None,4,Dawn,1,Clear,0,No,0000000,Not Applicable,99,Unknown,99,Unknown,99,Unknown EMS Scene Arrival Hour,99,Unknown EMS Scene Arrival Minutes,99,Unknown,99,Unknown EMS Hospital Arrival Time,1
45,South Carolina,450632,0,0,1,1,0,1,1,91,YORK (91),2970,YORK,8,August,28,28,1,Sunday,2022,3,3:00am-3:59am,33,33,SR-5 MAIN STREET W,NA,3,State Highway,2,Urban,3,Principal Arterial - Other,1,State Highway Agency,0,This section IS NOT on the NHS,0,No Special Jurisdiction,231,231,34.94513056,34.94513056,-81.070525,-81.070525,33,Curb,0,The First Harmful Event was Not a Collision with a Motor Vehicle in Transport,0,No,1,Non-Junction,1,Not an Intersection,4,On Roadside,0,None,3,Dark - Lighted,1,Clear,0,No,0000000,Not Applicable,99,Unknown,98,Unknown if Notified,99,Unknown EMS Scene Arrival Hour,98,Unknown if Arrived,88,Not Applicable (Not Transported),88,Not Applicable (Not Transported),1
45,South Carolina,450633,0,0,1,1,0,1,1,45,GREENVILLE (45),0,NOT APPLICABLE,8,August,30,30,3,Tuesday,2022,1,1:00am-1:59am,15,15,SR-290 LOCUST HILL RD,NA,3,State Highway,1,Rural,5,Major Collector,1,State Highway Agency,0,This section IS NOT on the NHS,0,No Special Jurisdiction,115,115,35.01936944,35.01936944,-82.38858889,-82.38858889,53,Mail Box,0,The First Harmful Event was Not a Collision with a Motor Vehicle in Transport,0,No,1,Non-Junction,1,Not an Intersection,4,On Roadside,0,None,6,Dark - Unknown Lighting,1,Clear,0,No,0000000,Not Applicable,99,Unknown,98,Unknown if Notified,99,Unknown EMS Scene Arrival Hour,98,Unknown if Arrived,88,Not Applicable (Not Transported),88,Not Applicable (Not Transported),1
45,South Carolina,450634,0,0,3,3,0,4,4,77,PICKENS (77),0,NOT APPLICABLE,8,August,30,30,3,Tuesday,2022,16,4:00pm-4:59pm,16,16,SR-8 PELZER HWY,NA,3,State Highway,2,Urban,4,Minor Arterial,1,State Highway Agency,0,This section IS NOT on the NHS,0,No Special Jurisdiction,10,10,34.78983889,34.78983889,-82.58798333,-82.58798333,12,Motor Vehicle In-Transport,2,Front-to-Front,0,No,1,Non-Junction,1,Not an Intersection,1,On Roadway,0,None,1,Daylight,1,Clear,0,No,0000000,Not Applicable,99,Unknown,99,Unknown,99,Unknown EMS Scene Arrival Hour,99,Unknown EMS Scene Arrival Minutes,99,Unknown,99,Unknown EMS Hospital Arrival Time,1
45,South Carolina,450635,0,0,2,2,0,2,2,27,CLARENDON (27),0,NOT APPLICABLE,8,August,30,30,3,Tuesday,2022,14,2:00pm-2:59pm,26,26,SR-64 MW RICKENBAKER RD,NA,3,State Highway,1,Rural,5,Major Collector,1,State Highway Agency,0,This section IS NOT on the NHS,0,No Special Jurisdiction,18,18,33.57841667,33.57841667,-80.25450556,-80.25450556,12,Motor Vehicle In-Transport,2,Front-to-Front,0,No,1,Non-Junction,1,Not an Intersection,1,On Roadway,0,None,1,Daylight,10,Cloudy,0,No,0000000,Not Applicable,99,Unknown,99,Unknown,99,Unknown EMS Scene Arrival Hour,99,Unknown EMS Scene Arrival Minutes,99,Unknown,99,Unknown EMS Hospital Arrival Time,1
45,South Carolina,450636,0,0,2,2,0,5,5,75,ORANGEBURG (75),0,NOT APPLICABLE,8,August,5,5,6,Friday,2022,19,7:00pm-7:59pm,4,4,US-301 OLD EDISTO DRIVE,SR-4 NEESES HWY,2,US Highway,2,Urban,3,Principal Arterial - Other,1,State Highway Agency,1,This section IS ON the NHS,0,No Special Jurisdiction,125,125,33.47986389,33.47986389,-80.90355556,-80.90355556,12,Motor Vehicle In-Transport,2,Front-to-Front,0,No,2,Intersection,3,T-Intersection,1,On Roadway,0,None,1,Daylight,1,Clear,0,No,0000000,Not Applicable,99,Unknown,99,Unknown,99,Unknown EMS Scene Arrival Hour,99,Unknown EMS Scene Arrival Minutes,99,Unknown,99,Unknown EMS Hospital Arrival Time,1
45,South Carolina,450637,0,0,1,1,0,7,7,75,ORANGEBURG (75),0,NOT APPLICABLE,8,August,31,31,4,Wednesday,2022,6,6:00am-6:59am,15,15,US-301 BAMBERG RD,SR- 634 SHILLINGS BRIDGE RD,2,US Highway,1,Rural,3,Principal Arterial - Other,1,State Highway Agency,1,This section IS ON the NHS,0,No Special Jurisdiction,54,54,33.40489167,33.40489167,-80.97164444,-80.97164444,42,Tree (Standing Only),0,The First Harmful Event was Not a Collision with a Motor Vehicle in Transport,0,No,3,Intersection-Related,3,T-Intersection,4,On Roadside,0,None,4,Dawn,5,"Fog, Smog, Smoke",0,No,0000000,Not Applicable,99,Unknown,99,Unknown,99,Unknown EMS Scene Arrival Hour,99,Unknown EMS Scene Arrival Minutes,99,Unknown,99,Unknown EMS Hospital Arrival Time,1
45,South Carolina,450638,0,0,1,1,0,1,1,7,ANDERSON (7),2000,PENDLETON,6,June,24,24,6,Friday,2022,15,3:00pm-3:59pm,35,35,SR-1056 WESTINGHOUSE RD,NA,3,State Highway,2,Urban,5,Major Collector,1,State Highway Agency,0,This section IS NOT on the NHS,0,No Special Jurisdiction,8,8,34.63583333,34.63583333,-82.77555556,-82.77555556,1,Rollover/Overturn,0,The First Harmful Event was Not a Collision with a Motor Vehicle in Transport,0,No,1,Non-Junction,1,Not an Intersection,4,On Roadside,0,None,1,Daylight,1,Clear,0,No,0000000,Not Applicable,99,Unknown,98,Unknown if Notified,99,Unknown EMS Scene Arrival Hour,98,Unknown if Arrived,88,Not Applicable (Not Transported),88,Not Applicable (Not Transported),1
45,South Carolina,450639,0,0,1,1,0,1,1,85,SUMTER (85),2550,SUMTER,8,August,14,14,1,Sunday,2022,23,11:00pm-11:59pm,20,20,US-378 ROBERT E GRAHAM FWY,NA,2,US Highway,2,Urban,2,Principal Arterial - Other Freeways and Expressways,1,State Highway Agency,1,This section IS ON the NHS,0,No Special Jurisdiction,184,184,33.94466111,33.94466111,-80.33149722,-80.33149722,1,Rollover/Overturn,0,The First Harmful Event was Not a Collision with a Motor Vehicle in Transport,0,No,1,Non-Junction,1,Not an Intersection,4,On Roadside,0,None,2,Dark - Not Lighted,1,Clear,0,No,0000000,Not Applicable,99,Unknown,99,Unknown,99,Unknown EMS Scene Arrival Hour,99,Unknown EMS Scene Arrival Minutes,99,Unknown,99,Unknown EMS Hospital Arrival Time,1
45,South Carolina,450640,0,0,1,1,0,1,1,19,CHARLESTON (19),0,NOT APPLICABLE,8,August,23,23,3,Tuesday,2022,23,11:00pm-11:59pm,19,19,SR-1156 PLOW GROUND RD,NA,3,State Highway,1,Rural,5,Major Collector,1,State Highway Agency,0,This section IS NOT on the NHS,0,No Special Jurisdiction,27,27,32.70791389,32.70791389,-80.05510833,-80.05510833,35,Embankment,0,The First Harmful Event was Not a Collision with a Motor Vehicle in Transport,0,No,1,Non-Junction,1,Not an Intersection,4,On Roadside,0,None,2,Dark - Not Lighted,10,Cloudy,0,No,0000000,Not Applicable,99,Unknown,98,Unknown if Notified,99,Unknown EMS Scene Arrival Hour,98,Unknown if Arrived,88,Not Applicable (Not Transported),88,Not Applicable (Not Transported),1
45,South Carolina,450641,1,1,1,1,0,1,1,19,CHARLESTON (19),1650,MEGGETT,8,August,23,23,3,Tuesday,2022,23,11:00pm-11:59pm,0,0,SR-165 HWY 165,NA,3,State Highway,1,Rural,5,Major Collector,1,State Highway Agency,0,This section IS NOT on the NHS,0,No Special Jurisdiction,33,33,32.72663889,32.72663889,-80.24248889,-80.24248889,8,Pedestrian,0,The First Harmful Event was Not a Collision with a Motor Vehicle in Transport,0,No,1,Non-Junction,1,Not an Intersection,1,On Roadway,0,None,2,Dark - Not Lighted,1,Clear,0,No,0000000,Not Applicable,99,Unknown,98,Unknown if Notified,99,Unknown EMS Scene Arrival Hour,98,Unknown if Arrived,88,Not Applicable (Not Transported),88,Not Applicable (Not Transported),1