STATE,STATENAME,ST_CASE,PEDS,PERNOTMVIT,VE_TOTAL,VE_FORMS,PVH_INVL,PERSONS,PERMVIT,COUNTY,COUNTYNAME,CITY,CITYNAME,MONTH,MONTHNAME,DAY,DAYNAME,DAY_WEEK,DAY_WEEKNAME,YEAR,HOUR,HOURNAME,MINUTE,MINUTENAME,TWAY_ID,TWAY_ID2,ROUTE,ROUTENAME,RUR_URB,RUR_URBNAME,FUNC_SYS,FUNC_SYSNAME,RD_OWNER,RD_OWNERNAME,NHS,NHSNAME,SP_JUR,SP_JURNAME,MILEPT,MILEPTNAME,LATITUDE,LATITUDENAME,LONGITUD,LONGITUDNAME,HARM_EV,HARM_EVNAME,MAN_COLL,MAN_COLLNAME,RELJCT1,RELJCT1NAME,RELJCT2,RELJCT2NAME,TYP_INT,TYP_INTNAME,REL_ROAD,REL_ROADNAME,WRK_ZONE,WRK_ZONENAME,LGT_COND,LGT_CONDNAME,WEATHER,WEATHERNAME,SCH_BUS,SCH_BUSNAME,RAIL,RAILNAME,NOT_HOUR,NOT_HOURNAME,NOT_MIN,NOT_MINNAME,ARR_HOUR,ARR_HOURNAME,ARR_MIN,ARR_MINNAME,HOSP_HR,HOSP_HRNAME,HOSP_MN,HOSP_MNNAME,FATALS
45,South Carolina,450747,1,1,1,1,0,2,2,79,RICHLAND (79),0,NOT APPLICABLE,10,October,6,6,5,Thursday,2022,6,6:00am-6:59am,18,18,SR-955 KELLY MILL RD,NA,3,State Highway,2,Urban,5,Major Collector,1,State Highway Agency,0,This section IS NOT on the NHS,0,No Special Jurisdiction,31,31,34.17366111,34.17366111,-80.86230278,-80.86230278,8,Pedestrian,0,The First Harmful Event was Not a Collision with a Motor Vehicle in Transport,0,No,1,Non-Junction,1,Not an Intersection,1,On Roadway,0,None,2,Dark - Not Lighted,1,Clear,0,No,0000000,Not Applicable,99,Unknown,99,Unknown,99,Unknown EMS Scene Arrival Hour,99,Unknown EMS Scene Arrival Minutes,99,Unknown,99,Unknown EMS Hospital Arrival Time,1
45,South Carolina,450748,0,0,1,1,0,1,1,21,CHEROKEE (21),0,NOT APPLICABLE,10,October,6,6,5,Thursday,2022,9,9:00am-9:59am,48,48,SR-145 HORSE CREEK RD,NA,3,State Highway,1,Rural,7,Local,1,State Highway Agency,0,This section IS NOT on the NHS,0,No Special Jurisdiction,3,3,35.15179444,35.15179444,-81.84254722,-81.84254722,42,Tree (Standing Only),0,The First Harmful Event was Not a Collision with a Motor Vehicle in Transport,0,No,1,Non-Junction,1,Not an Intersection,4,On Roadside,0,None,1,Daylight,1,Clear,0,No,0000000,Not Applicable,99,Unknown,98,Unknown if Notified,99,Unknown EMS Scene Arrival Hour,98,Unknown if Arrived,88,Not Applicable (Not Transported),88,Not Applicable (Not Transported),1
45,South Carolina,450749,0,0,2,2,0,2,2,45,GREENVILLE (45),0,NOT APPLICABLE,9,September,23,23,6,Friday,2022,19,7:00pm-7:59pm,35,35,US-29,SR-136 S BUNCOMBE RD,2,US Highway,2,Urban,3,Principal Arterial - Other,1,State Highway Agency,1,This section IS ON the NHS,0,No Special Jurisdiction,165,165,34.94191111,34.94191111,-82.25921111,-82.25921111,12,Motor Vehicle In-Transport,6,Angle,0,No,2,Intersection,3,T-Intersection,1,On Roadway,0,None,3,Dark - Lighted,1,Clear,0,No,0000000,Not Applicable,99,Unknown,99,Unknown,99,Unknown EMS Scene Arrival Hour,99,Unknown EMS Scene Arrival Minutes,99,Unknown,99,Unknown EMS Hospital Arrival Time,1
45,South Carolina,450750,1,1,1,1,0,1,1,15,BERKELEY (15),0,NOT APPLICABLE,10,October,6,6,5,Thursday,2022,20,8:00pm-8:59pm,20,20,US-17 ALT,NA,2,US Highway,2,Urban,3,Principal Arterial - Other,1,State Highway Agency,1,This section IS ON the NHS,0,No Special Jurisdiction,95,95,33.12624444,33.12624444,-80.06775278,-80.06775278,8,Pedestrian,0,The First Harmful Event was Not a Collision with a Motor Vehicle in Transport,0,No,1,Non-Junction,1,Not an Intersection,1,On Roadway,0,None,3,Dark - Lighted,1,Clear,0,No,0000000,Not Applicable,99,Unknown,98,Unknown if Notified,99,Unknown EMS Scene Arrival Hour,98,Unknown if Arrived,88,Not Applicable (Not Transported),88,Not Applicable (Not Transported),1
45,South Carolina,450751,0,0,3,3,0,3,3,25,CHESTERFIELD (25),0,NOT APPLICABLE,10,October,7,7,6,Friday,2022,7,7:00am-7:59am,30,30,US-601 HWY 601,NA,2,US Highway,1,Rural,3,Principal Arterial - Other,1,State Highway Agency,1,This section IS ON the NHS,0,No Special Jurisdiction,45,45,34.75253056,34.75253056,-80.43366944,-80.43366944,12,Motor Vehicle In-Transport,8,Sideswipe - Opposite Direction,0,No,1,Non-Junction,1,Not an Intersection,1,On Roadway,0,None,1,Daylight,1,Clear,0,No,0000000,Not Applicable,99,Unknown,98,Unknown if Notified,99,Unknown EMS Scene Arrival Hour,98,Unknown if Arrived,88,Not Applicable (Not Transported),88,Not Applicable (Not Transported),1
45,South Carolina,450752,0,0,1,1,0,1,1,33,DILLON (33),0,NOT APPLICABLE,10,October,7,7,6,Friday,2022,21,9:00pm-9:59pm,0,0,I-95,NA,1,Interstate,1,Rural,1,Interstate,1,State Highway Agency,1,This section IS ON the NHS,0,No Special Jurisdiction,1790,1790,34.31835556,34.31835556,-79.59118611,-79.59118611,42,Tree (Standing Only),0,The First Harmful Event was Not a Collision with a Motor Vehicle in Transport,0,No,1,Non-Junction,1,Not an Intersection,4,On Roadside,0,None,6,Dark - Unknown Lighting,1,Clear,0,No,0000000,Not Applicable,99,Unknown,99,Unknown,99,Unknown EMS Scene Arrival Hour,99,Unknown EMS Scene Arrival Minutes,99,Unknown,99,Unknown EMS Hospital Arrival Time,1
45,South Carolina,450753,0,0,1,1,0,2,2,13,BEAUFORT (13),0,NOT APPLICABLE,10,October,8,8,7,Saturday,2022,0,0:00am-0:59am,59,59,US-278 SOL BLATT JR PKWY,NA,2,US Highway,2,Urban,3,Principal Arterial - Other,1,State Highway Agency,1,This section IS ON the NHS,0,No Special Jurisdiction,7,7,32.21558056,32.21558056,-80.74276667,-80.74276667,42,Tree (Standing Only),0,The First Harmful Event was Not a Collision with a Motor Vehicle in Transport,0,No,1,Non-Junction,1,Not an Intersection,4,On Roadside,0,None,2,Dark - Not Lighted,1,Clear,0,No,0000000,Not Applicable,99,Unknown,99,Unknown,99,Unknown EMS Scene Arrival Hour,99,Unknown EMS Scene Arrival Minutes,99,Unknown,99,Unknown EMS Hospital Arrival Time,1
45,South Carolina,450754,0,0,2,2,0,2,2,31,DARLINGTON (31),0,NOT APPLICABLE,10,October,8,8,7,Saturday,2022,4,4:00am-4:59am,55,55,US-15 N FIFTH STREET,NA,2,US Highway,2,Urban,3,Principal Arterial - Other,1,State Highway Agency,1,This section IS ON the NHS,0,No Special Jurisdiction,48,48,34.39767222,34.39767222,-80.059825,-80.059825,12,Motor Vehicle In-Transport,2,Front-to-Front,0,No,1,Non-Junction,1,Not an Intersection,1,On Roadway,0,None,3,Dark - Lighted,1,Clear,0,No,0000000,Not Applicable,99,Unknown,99,Unknown,99,Unknown EMS Scene Arrival Hour,99,Unknown EMS Scene Arrival Minutes,99,Unknown,99,Unknown EMS Hospital Arrival Time,1
45,South Carolina,450755,0,0,2,2,0,4,4,51,HORRY (51),0,NOT APPLICABLE,10,October,3,3,2,Monday,2022,14,2:00pm-2:59pm,40,40,SR-905 S HWY 905,CR- KIDS LANE,3,State Highway,1,Rural,4,Minor Arterial,1,State Highway Agency,0,This section IS NOT on the NHS,0,No Special Jurisdiction,146,146,33.90516944,33.90516944,-78.83459444,-78.83459444,12,Motor Vehicle In-Transport,2,Front-to-Front,0,No,2,Intersection,2,Four-Way Intersection,1,On Roadway,0,None,1,Daylight,1,Clear,0,No,0000000,Not Applicable,99,Unknown,99,Unknown,99,Unknown EMS Scene Arrival Hour,99,Unknown EMS Scene Arrival Minutes,99,Unknown,99,Unknown EMS Hospital Arrival Time,1
45,South Carolina,450756,0,0,1,1,0,1,1,19,CHARLESTON (19),2100,RAVENEL,10,October,4,4,3,Tuesday,2022,16,4:00pm-4:59pm,25,25,SR-92 SALTERS HILL RD,NA,3,State Highway,1,Rural,5,Major Collector,1,State Highway Agency,0,This section IS NOT on the NHS,0,No Special Jurisdiction,43,43,32.76693056,32.76693056,-80.21803889,-80.21803889,10,Railway Vehicle,0,The First Harmful Event was Not a Collision with a Motor Vehicle in Transport,0,No,6,Railway Grade Crossing,1,Not an Intersection,1,On Roadway,0,None,1,Daylight,1,Clear,0,No,9999999,Unknown,99,Unknown,99,Unknown,99,Unknown EMS Scene Arrival Hour,99,Unknown EMS Scene Arrival Minutes,99,Unknown,99,Unknown EMS Hospital Arrival Time,1
45,South Carolina,450757,0,0,1,1,0,1,1,83,SPARTANBURG (83),0,NOT APPLICABLE,10,October,4,4,3,Tuesday,2022,1,1:00am-1:59am,47,47,SR-814 CAMELOT DRIVE,NA,3,State Highway,2,Urban,5,Major Collector,1,State Highway Agency,0,This section IS NOT on the NHS,0,No Special Jurisdiction,8,8,34.93563333,34.93563333,-81.9798,-81.9798,42,Tree (Standing Only),0,The First Harmful Event was Not a Collision with a Motor Vehicle in Transport,0,No,1,Non-Junction,1,Not an Intersection,4,On Roadside,0,None,3,Dark - Lighted,1,Clear,0,No,0000000,Not Applicable,99,Unknown,98,Unknown if Notified,99,Unknown EMS Scene Arrival Hour,98,Unknown if Arrived,88,Not Applicable (Not Transported),88,Not Applicable (Not Transported),1
45,South Carolina,450758,1,1,1,1,0,1,1,51,HORRY (51),0,NOT APPLICABLE,10,October,8,8,7,Saturday,2022,5,5:00am-5:59am,40,40,CR-WAYSIDE RD,NA,4,County Road,1,Rural,7,Local,2,County Highway Agency,0,This section IS NOT on the NHS,0,No Special Jurisdiction,4,4,33.86618889,33.86618889,-79.13856389,-79.13856389,8,Pedestrian,0,The First Harmful Event was Not a Collision with a Motor Vehicle in Transport,0,No,1,Non-Junction,1,Not an Intersection,1,On Roadway,0,None,2,Dark - Not Lighted,1,Clear,0,No,0000000,Not Applicable,99,Unknown,98,Unknown if Notified,99,Unknown EMS Scene Arrival Hour,98,Unknown if Arrived,88,Not Applicable (Not Transported),88,Not Applicable (Not Transported),1
45,South Carolina,450759,0,0,1,1,0,2,2,83,SPARTANBURG (83),0,NOT APPLICABLE,10,October,8,8,7,Saturday,2022,18,6:00pm-6:59pm,35,35,SR-591 FAIRMONT AVE,NA,3,State Highway,2,Urban,5,Major Collector,1,State Highway Agency,0,This section IS NOT on the NHS,0,No Special Jurisdiction,0,None,34.90803611,34.90803611,-82.05114444,-82.05114444,42,Tree (Standing Only),0,The First Harmful Event was Not a Collision with a Motor Vehicle in Transport,0,No,1,Non-Junction,1,Not an Intersection,4,On Roadside,0,None,1,Daylight,1,Clear,0,No,0000000,Not Applicable,99,Unknown,99,Unknown,99,Unknown EMS Scene Arrival Hour,99,Unknown EMS Scene Arrival Minutes,99,Unknown,99,Unknown EMS Hospital Arrival Time,1
45,South Carolina,450760,0,0,1,1,0,1,1,39,FAIRFIELD (39),0,NOT APPLICABLE,10,October,8,8,7,Saturday,2022,20,8:00pm-8:59pm,55,55,I-77,NA,1,Interstate,1,Rural,1,Interstate,1,State Highway Agency,1,This section IS ON the NHS,0,No Special Jurisdiction,508,508,34.54607222,34.54607222,-81.00394444,-81.00394444,34,Ditch,0,The First Harmful Event was Not a Collision with a Motor Vehicle in Transport,0,No,1,Non-Junction,1,Not an Intersection,4,On Roadside,0,None,2,Dark - Not Lighted,1,Clear,0,No,0000000,Not Applicable,99,Unknown,99,Unknown,99,Unknown EMS Scene Arrival Hour,99,Unknown EMS Scene Arrival Minutes,99,Unknown,99,Unknown EMS Hospital Arrival Time,1
45,South Carolina,450761,1,1,1,1,0,1,1,35,DORCHESTER (35),0,NOT APPLICABLE,10,October,8,8,7,Saturday,2022,23,11:00pm-11:59pm,22,22,SR-62 ASHLEY PHOSPHATE RD,NA,3,State Highway,2,Urban,6,Minor Collector,1,State Highway Agency,0,This section IS NOT on the NHS,0,No Special Jurisdiction,15,15,32.92436111,32.92436111,-80.08658889,-80.08658889,9,Pedalcyclist,0,The First Harmful Event was Not a Collision with a Motor Vehicle in Transport,0,No,1,Non-Junction,1,Not an Intersection,1,On Roadway,0,None,6,Dark - Unknown Lighting,1,Clear,0,No,0000000,Not Applicable,99,Unknown,98,Unknown if Notified,99,Unknown EMS Scene Arrival Hour,98,Unknown if Arrived,88,Not Applicable (Not Transported),88,Not Applicable (Not Transported),1
45,South Carolina,450762,0,0,1,1,0,1,1,75,ORANGEBURG (75),0,NOT APPLICABLE,10,October,9,9,1,Sunday,2022,2,2:00am-2:59am,15,15,US-601 SAINT MATTHEWS RD,NA,2,US Highway,1,Rural,3,Principal Arterial - Other,1,State Highway Agency,1,This section IS ON the NHS,0,No Special Jurisdiction,231,231,33.59150833,33.59150833,-80.81106111,-80.81106111,33,Curb,0,The First Harmful Event was Not a Collision with a Motor Vehicle in Transport,0,No,1,Non-Junction,1,Not an Intersection,4,On Roadside,0,None,3,Dark - Lighted,1,Clear,0,No,0000000,Not Applicable,99,Unknown,98,Unknown if Notified,99,Unknown EMS Scene Arrival Hour,98,Unknown if Arrived,88,Not Applicable (Not Transported),88,Not Applicable (Not Transported),1
45,South Carolina,450763,0,0,3,3,0,5,5,53,JASPER (53),0,NOT APPLICABLE,10,October,9,9,1,Sunday,2022,5,5:00am-5:59am,5,5,US-17 SPEEDWAY BLVD,NA,2,US Highway,1,Rural,3,Principal Arterial - Other,1,State Highway Agency,1,This section IS ON the NHS,0,No Special Jurisdiction,13,13,32.11578056,32.11578056,-81.07365,-81.07365,25,Concrete Traffic Barrier,0,The First Harmful Event was Not a Collision with a Motor Vehicle in Transport,0,No,1,Non-Junction,1,Not an Intersection,4,On Roadside,0,None,2,Dark - Not Lighted,1,Clear,0,No,0000000,Not Applicable,99,Unknown,99,Unknown,99,Unknown EMS Scene Arrival Hour,99,Unknown EMS Scene Arrival Minutes,99,Unknown,99,Unknown EMS Hospital Arrival Time,1
45,South Carolina,450764,0,0,2,2,0,7,7,7,ANDERSON (7),0,NOT APPLICABLE,10,October,9,9,1,Sunday,2022,16,4:00pm-4:59pm,53,53,CR-CEMETARY RD,CR-OLD LOWNDESVILLE HWY,4,County Road,1,Rural,7,Local,2,County Highway Agency,0,This section IS NOT on the NHS,0,No Special Jurisdiction,7,7,34.32125556,34.32125556,-82.69435278,-82.69435278,12,Motor Vehicle In-Transport,6,Angle,0,No,2,Intersection,2,Four-Way Intersection,1,On Roadway,0,None,1,Daylight,1,Clear,0,No,0000000,Not Applicable,99,Unknown,99,Unknown,99,Unknown EMS Scene Arrival Hour,99,Unknown EMS Scene Arrival Minutes,99,Unknown,99,Unknown EMS Hospital Arrival Time,1
45,South Carolina,450765,0,0,1,1,0,1,1,19,CHARLESTON (19),410,CHARLESTON,10,October,9,9,1,Sunday,2022,16,4:00pm-4:59pm,30,30,SR-54 RIVER RD,NA,3,State Highway,1,Rural,4,Minor Arterial,1,State Highway Agency,0,This section IS NOT on the NHS,0,No Special Jurisdiction,125,125,32.76809444,32.76809444,-80.07214444,-80.07214444,42,Tree (Standing Only),0,The First Harmful Event was Not a Collision with a Motor Vehicle in Transport,0,No,1,Non-Junction,1,Not an Intersection,4,On Roadside,0,None,1,Daylight,1,Clear,0,No,0000000,Not Applicable,99,Unknown,98,Unknown if Notified,99,Unknown EMS Scene Arrival Hour,98,Unknown if Arrived,88,Not Applicable (Not Transported),88,Not Applicable (Not Transported),1
45,South Carolina,450766,0,0,2,2,0,2,2,15,BERKELEY (15),0,NOT APPLICABLE,10,October,10,10,2,Monday,2022,19,7:00pm-7:59pm,49,49,SR-62 COLLEGE PARK RD,CR- WIDE AWAKE CIRCLE,3,State Highway,2,Urban,5,Major Collector,1,State Highway Agency,0,This section IS NOT on the NHS,0,No Special Jurisdiction,18,18,33.04111111,33.04111111,-80.097225,-80.097225,12,Motor Vehicle In-Transport,6,Angle,0,No,2,Intersection,2,Four-Way Intersection,1,On Roadway,0,None,2,Dark - Not Lighted,1,Clear,0,No,0000000,Not Applicable,99,Unknown,99,Unknown,99,Unknown EMS Scene Arrival Hour,99,Unknown EMS Scene Arrival Minutes,99,Unknown,99,Unknown EMS Hospital Arrival Time,1
45,South Carolina,450767,0,0,3,3,0,6,6,75,ORANGEBURG (75),0,NOT APPLICABLE,10,October,10,10,2,Monday,2022,7,7:00am-7:59am,40,40,US-321 SAVANNAH HWY,NA,2,US Highway,1,Rural,3,Principal Arterial - Other,1,State Highway Agency,1,This section IS ON the NHS,0,No Special Jurisdiction,67,67,33.49028333,33.49028333,-81.118425,-81.118425,12,Motor Vehicle In-Transport,2,Front-to-Front,0,No,1,Non-Junction,1,Not an Intersection,1,On Roadway,0,None,2,Dark - Not Lighted,2,Rain,0,No,0000000,Not Applicable,99,Unknown,99,Unknown,99,Unknown EMS Scene Arrival Hour,99,Unknown EMS Scene Arrival Minutes,99,Unknown,99,Unknown EMS Hospital Arrival Time,1
45,South Carolina,450768,0,0,1,1,0,1,1,75,ORANGEBURG (75),0,NOT APPLICABLE,10,October,10,10,2,Monday,2022,12,12:00pm-12:59pm,15,15,I-26,NA,1,Interstate,1,Rural,1,Interstate,1,State Highway Agency,1,This section IS ON the NHS,0,No Special Jurisdiction,1665,1665,33.34338056,33.34338056,-80.57466111,-80.57466111,34,Ditch,0,The First Harmful Event was Not a Collision with a Motor Vehicle in Transport,0,No,1,Non-Junction,1,Not an Intersection,4,On Roadside,0,None,1,Daylight,1,Clear,0,No,0000000,Not Applicable,99,Unknown,98,Unknown if Notified,99,Unknown EMS Scene Arrival Hour,98,Unknown if Arrived,88,Not Applicable (Not Transported),88,Not Applicable (Not Transported),1
45,South Carolina,450769,1,1,1,1,0,2,2,7,ANDERSON (7),0,NOT APPLICABLE,10,October,10,10,2,Monday,2022,14,2:00pm-2:59pm,15,15,SR-76 MIDWAY RD,NA,3,State Highway,1,Rural,5,Major Collector,1,State Highway Agency,0,This section IS NOT on the NHS,0,No Special Jurisdiction,10,10,34.66349167,34.66349167,-82.53771111,-82.53771111,8,Pedestrian,0,The First Harmful Event was Not a Collision with a Motor Vehicle in Transport,0,No,1,Non-Junction,1,Not an Intersection,1,On Roadway,0,None,1,Daylight,1,Clear,0,No,0000000,Not Applicable,99,Unknown,99,Unknown,99,Unknown EMS Scene Arrival Hour,99,Unknown EMS Scene Arrival Minutes,99,Unknown,99,Unknown EMS Hospital Arrival Time,1
45,South Carolina,450770,0,0,2,2,0,3,3,35,DORCHESTER (35),0,NOT APPLICABLE,10,October,11,11,3,Tuesday,2022,12,12:00pm-12:59pm,5,5,US-78 W 5TH STREET NORTH,NA,2,US Highway,1,Rural,3,Principal Arterial - Other,1,State Highway Agency,1,This section IS ON the NHS,0,No Special Jurisdiction,295,295,33.07763056,33.07763056,-80.259275,-80.259275,12,Motor Vehicle In-Transport,2,Front-to-Front,0,No,1,Non-Junction,1,Not an Intersection,1,On Roadway,0,None,1,Daylight,1,Clear,0,No,0000000,Not Applicable,99,Unknown,99,Unknown,99,Unknown EMS Scene Arrival Hour,99,Unknown EMS Scene Arrival Minutes,99,Unknown,99,Unknown EMS Hospital Arrival Time,1
45,South Carolina,450771,0,0,2,2,0,2,2,19,CHARLESTON (19),410,CHARLESTON,9,September,4,4,1,Sunday,2022,21,9:00pm-9:59pm,17,17,SR-461 GLENN MCCONNELL,CR-MARY ADER AVE,3,State Highway,2,Urban,3,Principal Arterial - Other,1,State Highway Agency,0,This section IS NOT on the NHS,0,No Special Jurisdiction,8,8,32.81953056,32.81953056,-80.06733056,-80.06733056,12,Motor Vehicle In-Transport,6,Angle,0,No,2,Intersection,2,Four-Way Intersection,1,On Roadway,0,None,6,Dark - Unknown Lighting,1,Clear,0,No,0000000,Not Applicable,99,Unknown,99,Unknown,99,Unknown EMS Scene Arrival Hour,99,Unknown EMS Scene Arrival Minutes,99,Unknown,99,Unknown EMS Hospital Arrival Time,1
45,South Carolina,450772,1,1,1,1,0,1,1,19,CHARLESTON (19),410,CHARLESTON,9,September,6,6,3,Tuesday,2022,22,10:00pm-10:59pm,4,4,SR-61 ASHLEY RIVER RD,NA,3,State Highway,2,Urban,4,Minor Arterial,1,State Highway Agency,0,This section IS NOT on the NHS,0,No Special Jurisdiction,74,74,32.81801944,32.81801944,-80.03361944,-80.03361944,9,Pedalcyclist,0,The First Harmful Event was Not a Collision with a Motor Vehicle in Transport,0,No,1,Non-Junction,1,Not an Intersection,1,On Roadway,0,None,2,Dark - Not Lighted,1,Clear,0,No,0000000,Not Applicable,99,Unknown,99,Unknown,99,Unknown EMS Scene Arrival Hour,99,Unknown EMS Scene Arrival Minutes,99,Unknown,99,Unknown EMS Hospital Arrival Time,1
45,South Carolina,450773,0,0,1,1,0,1,1,75,ORANGEBURG (75),0,NOT APPLICABLE,10,October,11,11,3,Tuesday,2022,23,11:00pm-11:59pm,23,23,SR-332,NA,3,State Highway,1,Rural,5,Major Collector,1,State Highway Agency,0,This section IS NOT on the NHS,0,No Special Jurisdiction,72,72,33.45246111,33.45246111,-81.13489722,-81.13489722,30,Utility Pole/Light Support,0,The First Harmful Event was Not a Collision with a Motor Vehicle in Transport,0,No,1,Non-Junction,1,Not an Intersection,4,On Roadside,0,None,2,Dark - Not Lighted,1,Clear,0,No,0000000,Not Applicable,99,Unknown,98,Unknown if Notified,99,Unknown EMS Scene Arrival Hour,98,Unknown if Arrived,88,Not Applicable (Not Transported),88,Not Applicable (Not Transported),1
45,South Carolina,450774,1,1,1,1,0,3,3,35,DORCHESTER (35),0,NOT APPLICABLE,10,October,11,11,3,Tuesday,2022,20,8:00pm-8:59pm,25,25,SR-62 ASHLEY PHOSPHATE RD,NA,3,State Highway,2,Urban,4,Minor Arterial,1,State Highway Agency,0,This section IS NOT on the NHS,0,No Special Jurisdiction,15,15,32.92243611,32.92243611,-80.09477222,-80.09477222,8,Pedestrian,0,The First Harmful Event was Not a Collision with a Motor Vehicle in Transport,0,No,1,Non-Junction,1,Not an Intersection,1,On Roadway,0,None,3,Dark - Lighted,1,Clear,0,No,0000000,Not Applicable,99,Unknown,98,Unknown if Notified,99,Unknown EMS Scene Arrival Hour,98,Unknown if Arrived,88,Not Applicable (Not Transported),88,Not Applicable (Not Transported),1
45,South Carolina,450775,1,1,1,1,0,1,1,21,CHEROKEE (21),0,NOT APPLICABLE,10,October,12,12,4,Wednesday,2022,6,6:00am-6:59am,33,33,SR-65 HOLLY RIDGE RD,NA,3,State Highway,1,Rural,5,Major Collector,1,State Highway Agency,0,This section IS NOT on the NHS,0,No Special Jurisdiction,7,7,35.16931111,35.16931111,-81.50650556,-81.50650556,9,Pedalcyclist,0,The First Harmful Event was Not a Collision with a Motor Vehicle in Transport,0,No,1,Non-Junction,1,Not an Intersection,1,On Roadway,0,None,2,Dark - Not Lighted,1,Clear,0,No,0000000,Not Applicable,99,Unknown,99,Unknown,99,Unknown EMS Scene Arrival Hour,99,Unknown EMS Scene Arrival Minutes,99,Unknown,99,Unknown EMS Hospital Arrival Time,1
45,South Carolina,450776,1,1,1,1,0,1,1,21,CHEROKEE (21),0,NOT APPLICABLE,10,October,12,12,4,Wednesday,2022,21,9:00pm-9:59pm,49,49,US-29 CHEOKEE AVE,NA,2,US Highway,1,Rural,3,Principal Arterial - Other,1,State Highway Agency,1,This section IS ON the NHS,0,No Special Jurisdiction,138,138,35.08088611,35.08088611,-81.58856667,-81.58856667,8,Pedestrian,0,The First Harmful Event was Not a Collision with a Motor Vehicle in Transport,0,No,1,Non-Junction,1,Not an Intersection,1,On Roadway,0,None,2,Dark - Not Lighted,1,Clear,0,No,0000000,Not Applicable,99,Unknown,98,Unknown if Notified,99,Unknown EMS Scene Arrival Hour,98,Unknown if Arrived,88,Not Applicable (Not Transported),88,Not Applicable (Not Transported),1
45,South Carolina,450777,0,0,2,2,0,4,4,25,CHESTERFIELD (25),0,NOT APPLICABLE,10,October,12,12,4,Wednesday,2022,15,3:00pm-3:59pm,56,56,SR-46 MIDDENDORF RD,NA,3,State Highway,1,Rural,5,Major Collector,1,State Highway Agency,0,This section IS NOT on the NHS,0,No Special Jurisdiction,40,40,34.49621111,34.49621111,-80.16759722,-80.16759722,12,Motor Vehicle In-Transport,2,Front-to-Front,0,No,1,Non-Junction,1,Not an Intersection,1,On Roadway,0,None,1,Daylight,1,Clear,0,No,0000000,Not Applicable,99,Unknown,99,Unknown,99,Unknown EMS Scene Arrival Hour,99,Unknown EMS Scene Arrival Minutes,99,Unknown,99,Unknown EMS Hospital Arrival Time,2
45,South Carolina,450778,1,1,1,1,0,1,1,79,RICHLAND (79),520,COLUMBIA,7,July,8,8,6,Friday,2022,20,8:00pm-8:59pm,32,32,SR-555 FARROW RD,SR-277,3,State Highway,2,Urban,4,Minor Arterial,1,State Highway Agency,0,This section IS NOT on the NHS,0,No Special Jurisdiction,78,78,34.03634444,34.03634444,-81.02301667,-81.02301667,8,Pedestrian,0,The First Harmful Event was Not a Collision with a Motor Vehicle in Transport,0,No,3,Intersection-Related,2,Four-Way Intersection,1,On Roadway,0,None,5,Dusk,1,Clear,0,No,0000000,Not Applicable,99,Unknown,99,Unknown,99,Unknown EMS Scene Arrival Hour,99,Unknown EMS Scene Arrival Minutes,99,Unknown,99,Unknown EMS Hospital Arrival Time,1
45,South Carolina,450779,0,0,2,2,0,3,3,19,CHARLESTON (19),1805,NORTH CHARLESTON,10,October,13,13,5,Thursday,2022,15,3:00pm-3:59pm,56,56,US-52 HWY 52,CR-MELNICK DRIVE,2,US Highway,2,Urban,3,Principal Arterial - Other,1,State Highway Agency,1,This section IS ON the NHS,0,No Special Jurisdiction,134,134,32.96075,32.96075,-80.04358056,-80.04358056,12,Motor Vehicle In-Transport,6,Angle,0,No,2,Intersection,3,T-Intersection,1,On Roadway,0,None,1,Daylight,1,Clear,0,No,0000000,Not Applicable,99,Unknown,99,Unknown,99,Unknown EMS Scene Arrival Hour,99,Unknown EMS Scene Arrival Minutes,99,Unknown,99,Unknown EMS Hospital Arrival Time,1
45,South Carolina,450780,0,0,2,2,0,2,2,51,HORRY (51),0,NOT APPLICABLE,10,October,13,13,5,Thursday,2022,17,5:00pm-5:59pm,13,13,CR-RIVER OAKS DRIVE,NA,4,County Road,2,Urban,4,Minor Arterial,2,County Highway Agency,0,This section IS NOT on the NHS,0,No Special Jurisdiction,45,45,33.72234444,33.72234444,-78.92118333,-78.92118333,12,Motor Vehicle In-Transport,6,Angle,0,No,8,Driveway Access Related,1,Not an Intersection,1,On Roadway,0,None,1,Daylight,1,Clear,0,No,0000000,Not Applicable,99,Unknown,99,Unknown,99,Unknown EMS Scene Arrival Hour,99,Unknown EMS Scene Arrival Minutes,99,Unknown,99,Unknown EMS Hospital Arrival Time,1
45,South Carolina,450781,1,1,1,1,0,1,1,83,SPARTANBURG (83),0,NOT APPLICABLE,10,October,13,13,5,Thursday,2022,19,7:00pm-7:59pm,18,18,SR-11 CHEROKEE FOOTHILLS SCENI,NA,3,State Highway,1,Rural,5,Major Collector,1,State Highway Agency,0,This section IS NOT on the NHS,0,No Special Jurisdiction,158,158,35.1442,35.1442,-81.98070556,-81.98070556,8,Pedestrian,0,The First Harmful Event was Not a Collision with a Motor Vehicle in Transport,0,No,1,Non-Junction,1,Not an Intersection,1,On Roadway,0,None,5,Dusk,1,Clear,0,No,0000000,Not Applicable,99,Unknown,99,Unknown,99,Unknown EMS Scene Arrival Hour,99,Unknown EMS Scene Arrival Minutes,99,Unknown,99,Unknown EMS Hospital Arrival Time,1